ID,name,gender,age,company_name,years_at_current_company,n_previous_jobs,net_worth,postal_code,city,province,street,person_2,relationship
0,Michael Wilson,M,55,TD,1.252054794520548,1,10000.0,K4M 1B4,Manotick,ON,3260 49th Ave,Tariq Wilson,Parent
1,Gabrielle Langdon,F,66,Light Up The World (LUTW),0.5808219178082191,2,2655604.393,N5W 3R4,London,ON,1188 Georgia St W,Luiza Costa,Spouse
2,Adnan Murphy,M,30,Glacier,0.6657534246575343,3,9793099.386,J0R 1B0,Saint-Adolphe-d'Howard,QC,7787 Keele St,Amelia Murphy,Grandchild
3,Mia Murphy,F,53,Sprout App,0.336986301369863,4,684153.434,T9V 1K6,Lloydminster,AB,1419 Victoria Park Ave,Molly Poole,Spouse
4,Ian Dickens,M,52,College Pro,0.6684931506849315,5,10070838.46,V7G 1H6,North Vancouver,BC,4438 Rue Wellington,Luca Marchetti,Sibling
5,James Wilson,M,74,Microsoft,0.8328767123287671,6,5243225.689,V1N 2Y2,Castlegar,BC,1796 Main St,Zahir Wilson,Spouse
6,Benjamin Chen,M,49,TD,1.252054794520548,1,329116.4023,V4B 4C8,White Rock,BC,2713 Grafton St,Sana Chen,Child
7,Mia Campbell,F,66,Light Up The World (LUTW),0.5808219178082191,2,71353846.98,H3J 2V5,Montréal,QC,3696 King George Blvd,Farhan Campbell,Spouse
8,Mei Chen,F,56,Glacier,0.6657534246575343,3,409459.5238,K2J 2N5,Nepean,ON,1150 The Queensway,Hasan Chen,Spouse
9,Matteo Marchetti,M,79,Sprout App,0.336986301369863,4,3047156.169,T4J 1M9,Ponoka,AB,1510 Rue Notre-Dame O,Alessandro Marchetti,Spouse
10,Aysha Kim,F,47,College Pro,0.6684931506849315,5,3841438.751,V8P 3X9,Victoria,BC,832 Bay St #1704,Rayyan Kim,Child
11,Zahra Nguyen,F,58,Microsoft,0.8328767123287671,6,656789.1247,V6K 1K1,Vancouver,BC,260 Harbord St,Ava Nguyen,Parent
12,Dev Patel,M,77,Microsoft,3.9178082191780814,1,7424733.791,L1K 1T3,Oshawa,ON,3925 17 Ave SE,Emily Patel,Grandparent
13,Nicholas Martin,M,55,SIG Consulting,3.0,2,182200.5338,N5A 2S2,Stratford,ON,4210 Portage Ave,Manon Martin,Sibling
14,Alexander Schmidt,M,42,K3 Retail,7.668493150684932,3,3937381.554,G8B 5S5,Saguenay,QC,279 Laurier Ave W,Leonardo Schneider,Spouse
15,Marco Ferrari,M,62,Microsoft,3.9178082191780814,1,2381248.682,V9P 2H3,Parksville,BC,140 Eglinton Ave E,Lorenzo Ferrari,Spouse
16,Zainab Leroy,F,50,SIG Consulting,3.0,2,544790.9056,V9R 1C1,Nanaimo,BC,5615 101 Ave NW,Gabriel Costa,Spouse
17,Zoya Wong,F,42,K3 Retail,7.668493150684932,3,17696700.21,L9G 3J9,Dundas,ON,3170 St Johns St,Leila Wong,Sibling
18,Fiona MacLeod,F,32,"Motech Industries, Inc. Solar BU",1.0767123287671232,1,2115873.842,T1A 7K2,Medicine Hat,AB,365 5th Ave E,Jason Fisher,Child
19,Yusuf Ahmed,M,65,Microsoft,2.747945205479452,2,642232.4154,H9B 2K9,Pointe-Claire,QC,1645 47th St NW,William Ahmed,Spouse
20,Rohit Desjardins,M,46,"Motech Industries, Inc. Solar BU",1.0767123287671232,1,16477542.78,L5E 1G4,Mississauga,ON,1415 Ellice Ave,Adila Desjardins,Child
21,Oliver Becker,M,65,Microsoft,2.747945205479452,2,16429614.0,H3Y 2Z1,Montréal,QC,14 Conlins Rd,Tobias Becker,Parent
22,Jane Walker,F,53,Cytec Solvay Group,2.0,1,31277537.88,T1K 1K1,Lethbridge,AB,12350 Pattullo Pl,Carol Walker,Spouse
23,Ravi Desjardins,M,49,DuPont,2.4986301369863013,2,47527523.66,V6E 2E9,Vancouver,BC,1059 Mainland St,Mia Desjardins,Child
24,Jackson Roy,M,54,UnitedHealth Group,1.5835616438356164,3,15139954.55,H4P 2H4,Mont-Royal,QC,630 5 Ave SW,Leena Dubois,Sibling
25,Rafaela Fernandes,F,41,Ingersoll Rand,1.7534246575342465,4,120497.7465,V3B 2X9,Port Moody,BC,409 Granville St,Aisling Fernandes,Spouse
26,William Li,M,56,Allianz,1.498630136986301,5,8298946.085,T6W 0X9,Edmonton,AB,333 Dunsmuir St,Mia Fraser,Spouse
27,Rafaela Gomes,F,22,GE Capital,1.8356164383561644,6,2990718.977,T9K 0P9,Fort McMurray,AB,385 Bloor St W,Ronan Gomes,Sibling
28,Mia Desjardins,F,71,Microsoft,3.671232876712329,7,12011305.89,T2Z 2G8,Calgary,AB,2000 Argentia Rd,Ravi Desjardins,Parent
29,Kamal Rodriguez,M,62,Cytec Solvay Group,2.0,1,2347257.647,J3H 4V4,Beloeil,QC,101 Weston Rd,Camila Rodriguez,Sibling
30,Caroline Nolan,F,39,DuPont,2.4986301369863013,2,10168878.02,V5N 1S1,Vancouver,BC,1831 Portage Ave,Tim Nash,Child
31,Austin McLean,M,49,UnitedHealth Group,1.5835616438356164,3,10541411.33,V3J 0E5,Coquitlam,BC,5000 Dufferin St,,
32,Luca De Luca,M,59,Ingersoll Rand,1.7534246575342465,4,11417546.34,J3Y 7T7,Brossard,QC,175 West Beaver Creek Rd,Alice Deschamps,Spouse
33,Siobhan Costa,F,35,Allianz,1.498630136986301,5,1547101.082,L4K 4A5,Concord,ON,2323 McGill St,Léa Boucher,Spouse
34,Rahim Wilson,M,53,GE Capital,1.8356164383561644,6,104090646.7,V3N 3N3,Burnaby,BC,1559 Kingston Rd,,
35,Khaled Roy,M,54,Microsoft,3.671232876712329,7,9281925.8,V9R 2A2,Nanaimo,BC,3701 West 4th Ave,Louis Royer,Child
36,Ethan Lavoie,M,41,One Click Life formerly JUST FSG,0.7561643835616438,1,254464.1939,T1H 0A1,Lethbridge,AB,1074 Wellington St W,,
37,Jason Fisher,M,65,One Click Life formerly JUST FSG,0.7561643835616438,1,7363331.448,J6A 8J8,Terrebonne,QC,4567 Dixie Rd,Fiona MacLeod,Parent
38,Benjamin MacKenzie,M,51,Google,0.915068493150685,1,94901469.0,T2P 0R3,Calgary,AB,825 Victoria St N,Charlotte MacKenzie,Spouse
39,Ava Chowdhury,F,31,Microsoft,4.917808219178082,2,5971560.83,V3L 1W4,New Westminster,BC,1001 Fleet St,,
40,Manon Martin,F,66,Google,0.915068493150685,1,1250825.103,G4W 2B1,Sept-Îles,QC,2077 Avenue Rd,Nicholas Martin,Sibling
41,Ava Desjardins,F,47,Microsoft,4.917808219178082,2,160547.1107,L5A 4G8,Mississauga,ON,850 Steeles Ave W,Liam Desjardins,Child
42,David Nash,M,46,Office Depot,0.915068493150685,1,7387752.9,V6G 2E8,Vancouver,BC,555 University Ave,Tim Nash,Child
43,Pippa Rutherford,F,48,Transaction Equipment Corp,0.8328767123287671,2,104913.2497,V3J 3T4,Coquitlam,BC,8770 Jane St,Diane Rutherford,Sibling
44,Julian Schmidt,M,44,Microsoft,2.16986301369863,3,969223.7887,J4Y 1J1,Brossard,QC,1016 Saint Clair Ave W,,
45,Amanda Sanderson,F,50,Office Depot,0.915068493150685,1,292796.9257,T2T 1G9,Calgary,AB,68 Wellesley St E,Megan Roberts,Child
46,Alexander Ahmed,M,67,Transaction Equipment Corp,0.8328767123287671,2,20541335.44,V3H 1J4,Port Moody,BC,42 Lawrence Ave W,Khaled Ahmed,Spouse
47,Luiza Costa,F,62,Microsoft,2.16986301369863,3,4701652.276,J7V 5V5,Sainte-Thérèse,QC,2984 Dunmore Rd SE,Sofia Costa,Spouse
48,Aisha Dubois,F,76,CMather Web Development,0.9178082191780822,1,147318168.0,V5Y 0H9,Vancouver,BC,7 11th Ave SW,Noah Dubois,Sibling
49,Rayan Choudhury,M,50,Mayne Pharma,2.915068493150685,2,1172991.355,L1V 2X9,Pickering,ON,1290 Broad St,Anne May,Spouse
50,Wanda Russell,F,69,Microsoft,0.915068493150685,3,13548317.84,V5W 1X9,Vancouver,BC,344 1 Ave NE,Eric Russell,Spouse
51,Léonie Lavoie,F,38,Bendigo and Adelaide Bank,1.917808219178082,4,62726061.71,T2J 5E9,Calgary,AB,1850 Commercial Dr,Mia Lavoie,Child
52,Nathan Hunter,M,43,BHP,0.9178082191780822,5,15185912.62,J4X 1E7,Boucherville,QC,1277 3rd Ave,,
53,Enzo Ferrari,M,29,Australia Post,1.917808219178082,6,17495624.34,T3E 0H4,Calgary,AB,102-224 Banff Ave,Tobias Fischer,Sibling
54,Clara Alves,F,80,CMather Web Development,0.9178082191780822,1,17627108.57,J3H 0J6,Saint-Hyacinthe,QC,2345 Eglinton Ave E,,
55,Nathan Lambert,M,63,Mayne Pharma,2.915068493150685,2,56988023.2,L5B 0G6,Mississauga,ON,1615 Bathurst St,Michelle Lambert,Spouse
56,Hugo Beaulieu,M,50,Microsoft,0.915068493150685,3,3661266.395,V9N 9J8,Courtenay,BC,2575 Danforth Ave,Eimear Silva,Sibling
57,Michelle Lambert,F,69,Bendigo and Adelaide Bank,1.917808219178082,4,8552777.229,H4S 1W8,Saint-Laurent,QC,7205 Goreway Dr,Nathan Lambert,Spouse
58,Khaled Ahmed,M,70,BHP,0.9178082191780822,5,190572.0223,L5R 4E6,Mississauga,ON,1550 York Ave,Alexander Ahmed,Spouse
59,Julian Fischer,M,45,Australia Post,1.917808219178082,6,21344120.74,V3J 3C3,Coquitlam,BC,310 Rue Sainte-Catherine E,Fabian Fischer,Child
60,Yousuf O'Connor,M,50,GE Capital,1.4136986301369865,1,11468994.76,H2J 2M7,Montréal,QC,302 Queen St E,William O'Connor,Spouse
61,Rohan Patel,M,47,IBISWorld,3.8383561643835615,2,173274.6992,V5K 2V7,Vancouver,BC,2675 St Clair Ave E,Liam Patel,Child
62,Cillian Martins,M,56,Kinetic Super,3.0876712328767124,3,465240.7427,T3G 0B3,Calgary,AB,1760 Eglinton Ave W,Tiago Barbosa,Spouse
63,Ethan Kim,M,61,Capability Network,1.0,4,1097199.414,V3K 6T4,Coquitlam,BC,7100 Woodbine Ave,Maia Kim,Spouse
64,Emily Rousseau,F,46,Aristocrat,0.6712328767123288,5,4683934.881,H7S 1N1,Laval,QC,102-1220 2 Ave S,Dominic Hill,Child
65,Zaynab Leblanc,F,43,GE Capital,1.4136986301369865,1,573802.2606,V5Z 0G3,Vancouver,BC,701 W Georgia St,,
66,Luke Payne,M,35,IBISWorld,3.8383561643835615,2,268252084.9,T1J 1G2,Lethbridge,AB,4321 Dominion St,Lisa Payne,Child
67,Alessandro Marchetti,M,74,Kinetic Super,3.0876712328767124,3,14424120.34,V7G 2A5,North Vancouver,BC,197 Spadina Ave,Matteo Marchetti,Spouse
68,Alexander Tremblay,M,72,Capability Network,1.0,4,22749349.22,J5R 6S4,Saint-Constant,QC,444 Yonge St,James Tremblay,Parent
69,Isabella Ferreira,F,62,Aristocrat,0.6712328767123288,5,8735891.124,V5K 0A1,Vancouver,BC,483 Bay St,Joan Vance,Sibling
70,Laura Carvalho,F,60,GU2 Radio,0.6657534246575343,1,3215496.457,T2N 1S6,Calgary,AB,2301 McCowan Rd,Sofia Carvalho,Parent
71,Sayeed Kim,M,44,Microsoft,0.8328767123287671,2,47785632.68,V3E 3H7,Coquitlam,BC,10 Lower Spadina Ave,Rayyan Kim,Child
72,Isabella Souza,F,31,Lionhead Studios,0.1698630136986301,3,19983318.36,H2N 2H9,Montréal,QC,175 Bloor St E,,
73,Jérémie Caron,M,50,Intandem Solutions Limited,0.4191780821917808,4,2189504.622,V5Z 2G9,Vancouver,BC,2059 Carling Ave,,
74,Amaya Campbell,F,67,GU2 Radio,0.6657534246575343,1,32264977.11,T3H 0X8,Calgary,AB,7397 137 St,Olivia Campbell,Parent
75,Noah Dubois,M,59,Microsoft,0.8328767123287671,2,186523705.5,V6Z 2X7,Vancouver,BC,25 York St,Aisha Dubois,Sibling
76,Sana Chen,F,69,Lionhead Studios,0.1698630136986301,3,119278459.6,T6M 0A8,Edmonton,AB,151 Front St W,Mia Chen,Sibling
77,Helena Alves,F,65,Intandem Solutions Limited,0.4191780821917808,4,2086473.178,V7K 1A7,North Vancouver,BC,2150 Lawrence Ave E,Arjun MacKenzie,Sibling
78,Mustafa Ibrahim,M,41,IBM,2.835616438356164,1,17013494.85,V5R 6J9,Vancouver,BC,2491 Weston Rd,Darius Ibrahim,Child
79,Isabella Das,F,57,KPMG US,2.0027397260273974,2,1135542.804,J3X 1S1,La Prairie,QC,355 Wellington St,Nasir Das,Sibling
80,Christopher Lee,M,57,Deloitte,1.747945205479452,3,851183.0453,V5N 4G6,Vancouver,BC,88 Queens Quay W,Matteo Esposito,Child
81,Amira O'Connor,F,26,Rapidigm,3.750684931506849,4,13884362.5,T6W 1L9,Edmonton,AB,394 Queen St W,,
82,Declan Silva,M,34,Domin-8 Enterprise Solutions,3.0794520547945203,5,38097164.3,V5K 0A2,Vancouver,BC,20 Maud St,Valentina Silva,Sibling
83,Karen Mackenzie,F,37,Microsoft,4.583561643835616,6,20828.64517,H3C 3P8,Montréal,QC,1600 Major Mackenzie Dr W,Emma Johnson,Spouse
84,Sofia Fernandes,F,25,Mapp Digital,0.6657534246575343,7,3739359.434,V5K 4L4,Vancouver,BC,300 Earl Grey Dr,Aisling Fernandes,Sibling
85,Ebrahim Ibrahim,M,73,IBM,2.835616438356164,1,470676.1871,T2K 4G4,Calgary,AB,555 Rexdale Blvd,Alexander Ibrahim,Parent
86,Wendy Edmunds,F,60,KPMG US,2.0027397260273974,2,2072822.486,V3K 5X9,Coquitlam,BC,3227 176 St,Caroline Edmunds,Spouse
87,Maya Leblanc,F,61,Deloitte,1.747945205479452,3,109230319.1,E1C 9M4,Moncton,NB,2275 Bayview Ave,Abigail Leblanc,Spouse
88,Omar Ahmed,M,58,Rapidigm,3.750684931506849,4,301914.7085,N2G 2S7,Kitchener,ON,2510 Hurontario St,,
89,Rafaela Ribeiro,F,74,Domin-8 Enterprise Solutions,3.0794520547945203,5,639473.2501,L4H 4N6,Woodbridge,ON,200 Wellington St W,Saoirse Ribeiro,Parent
90,James Ahmed,M,61,Microsoft,4.583561643835616,6,90842390.47,N2V 2C2,Waterloo,ON,1303 Saint Catherine St E,Kareem Ahmed,Spouse
91,Sophia Kim,F,29,Mapp Digital,0.6657534246575343,7,6471411.128,E3A 3A1,Fredericton,NB,1921 Eglinton Ave E,Oliver Kim,Child
92,Jennifer Underwood,F,70,"SIA, Sistemas Inform·ticos Abiertos, S.A.",1.915068493150685,1,50661461.68,B2Y 2K8,Dartmouth,NS,4500 Sheppard Ave E,,
93,William Wilson,M,58,Sybari Software,2.416438356164384,2,6893165.34,L5N 8J8,Mississauga,ON,3030 Conroy Rd,Amir Wilson,Spouse
94,Nyla Chowdhury,F,37,"SIA, Sistemas Inform·ticos Abiertos, S.A.",1.915068493150685,1,116551431.5,E3B 8J3,Fredericton,NB,3900 Steeles Ave W,,
95,Lucas Gagnon,M,64,Sybari Software,2.416438356164384,2,20630978.51,B3S 1N4,Halifax,NS,1808 Wellington Ave,Akira Gagnon,Spouse
96,Lauren Poole,F,60,"RedWorks, Inc.",0.5835616438356165,1,42687.62981,N1T 1T6,Guelph,ON,1792 Boulevard Talbot,Molly Poole,Spouse
97,Isabella Singh,F,69,Neo@Ogilvy,1.0,2,6758231.177,L1H 1J8,Oshawa,ON,4077 Confederation Pkwy,Liam Singh,Spouse
98,Maximilian Wagner,M,58,rVue,0.1671232876712328,3,525340.4995,B4C 1A6,Lower Sackville,NS,1600 Cook St,Andrew North,Spouse
99,Caroline Edmunds,F,55,"RedWorks, Inc.",0.5835616438356165,1,6697951.24,E2S 1N3,Saint John,NB,1414 8 Ave NW,Wendy Edmunds,Spouse
100,Alexander Singh,M,47,Neo@Ogilvy,1.0,2,14408317.73,L8W 3R6,Hamilton,ON,17710 104 Ave NW,Liam Singh,Child
101,Luke Graham,M,44,rVue,0.1671232876712328,3,40194638.6,B2W 6K6,Dartmouth,NS,110 9th Ave SW,Brigid Lopes,Spouse
102,Ahmed Murphy,M,58,Microsoft,0.1643835616438356,1,2027836.337,L1V 6C5,Pickering,ON,393 Portage Ave,Madeleine Parr,Sibling
103,John MacLeod,M,39,Microsoft,0.1643835616438356,1,2959068.239,B3H 2B5,Halifax,NS,1991 Lawrence Ave E,Oliver MacLeod,Spouse
104,Emma Wong,F,57,Microsoft,0.6684931506849315,1,3015807.674,L5A 2Z5,Mississauga,ON,5411 Yonge St,Rashid Wong,Spouse
105,Tobias Becker,M,31,Microsoft,0.6684931506849315,1,570974.5737,N6E 1T9,London,ON,77 James St N,Oliver Becker,Child
106,Diane Stewart,F,49,Norton Rose Fulbright,3.9178082191780814,1,7072040.774,B2X 3C3,Dartmouth,NS,1900 Sheppard Ave E,Nadeem Das,Sibling
107,Zoe Wallace,F,59,King & Wood Mallesons,1.915068493150685,2,89566886.92,L6M 0M9,Oakville,ON,901 9th Ave SE,Angela Robertson,Sibling
108,Lukasz Kowalski,M,61,Garfield Robbins International,2.9178082191780823,3,52869.70991,B3K 3P3,Halifax,NS,2865 Don Mills Rd,,
109,Yvonne Kelly,F,47,Manchester 2002 Commonwealth Games,1.915068493150685,4,53880929.98,N2J 4S4,Cambridge,ON,2835 Pembina Hwy,Sean Kelly,Spouse
110,Alexander Ibrahim,M,42,United Utilities,1.915068493150685,5,20662.89945,L6S 4S7,Brampton,ON,369 Glebeholme Blvd,Ebrahim Ibrahim,Child
111,Amelia Terry,F,58,Aristocrat,2.9178082191780823,6,9632093.563,B3M 3Y7,Halifax,NS,2627 Portage Ave,Nasir Das,Spouse
112,Ethan Sullivan,M,62,Vodafone,2.084931506849315,7,1586973.301,L1V 3W8,Pickering,ON,8500 Torbram Rd,Benjamin Leroy,Spouse
113,Gabriel Lévesque,M,53,Hays,8.841095890410958,8,5771872.279,B1P 1C8,Sydney,NS,1966 Scott St,Samantha Mills,Spouse
114,Padraig Pereira,M,43,Norton Rose Fulbright,3.9178082191780814,1,1348082.517,L1W 3W5,Pickering,ON,3050 Yonge St,,
115,Zara Cheung,F,36,King & Wood Mallesons,1.915068493150685,2,12061560.58,N6B 1V7,London,ON,1837 Eglinton Ave W,Ethan Cheung,Child
116,Emily North,F,50,Garfield Robbins International,2.9178082191780823,3,53973314.51,B4B 1T2,Truro,NS,1409 Windermere Rd,Andrew North,Sibling
117,Kareem Choudhury,M,61,Manchester 2002 Commonwealth Games,1.915068493150685,4,4757136.379,N1R 6C3,Cambridge,ON,324 Wyecroft Rd,,
118,Ayan Murphy,M,56,United Utilities,1.915068493150685,5,19242612.95,L1R 3B5,Oshawa,ON,636 Finch Ave E,Anthony Henderson,Spouse
119,Emiliano Rossi,M,64,Aristocrat,2.9178082191780823,6,67040123.77,B2Y 3L1,Dartmouth,NS,1828 Albion Rd,Étienne Bélanger,Spouse
120,Emily Patel,F,28,Vodafone,2.084931506849315,7,26551854.33,N5V 1M1,London,ON,450 Bayly St W,Dev Patel,Grandchild
121,Simon Quinn,M,55,Hays,8.841095890410958,8,15181862.87,B3J 1G5,Halifax,NS,2480 Cawthra Rd,Grace Quinn,Spouse
122,Saoirse Ribeiro,F,54,LG Soft India,4.920547945205479,1,2649173.555,L5V 1H1,Mississauga,ON,33 King St E,Rafaela Ribeiro,Child
123,Emiliano Barbieri,M,65,LG CNS India,2.416438356164384,2,1309398.261,B2S 2T6,Truro,NS,2095 Topsail Rd,Matteo Barbieri,Parent
124,Matteo Bianchi,M,51,Microsoft,9.512328767123288,3,74603.56715,N6C 3Y7,London,ON,388 Carlaw Ave,Marco Bianchi,Spouse
125,Olivier Dupont,M,73,LG Soft India,4.920547945205479,1,917219.8445,B2S 1S6,Truro,NS,4777 Elgin Ave,Alessio Moretti,Parent
126,Gabriel Mercier,M,56,LG CNS India,2.416438356164384,2,12711267.58,L4J 7J3,Thornhill,ON,1600 Michael St,,
127,Ravi Tremblay,M,45,Microsoft,9.512328767123288,3,6477992.261,B3M 3K2,Halifax,NS,240 Carlton St,Arjun Tremblay,Child
128,Saira MacKenzie,F,54,GE,5.005479452054795,1,1656398.447,L1T 4W5,Oshawa,ON,207-2121 39 Ave NE,Omar MacKenzie,Sibling
129,Isabella Costa,F,49,Microsoft,13.01095890410959,2,33266780.31,B2W 6L9,Dartmouth,NS,416 7 Ave SW,Sofia Costa,Spouse
130,Édouard Mercier,M,46,GE,5.005479452054795,1,16253564.69,N5Z 1Z9,London,ON,4010 50 St,Manon Pelletier,Child
131,Ethan Tremblay,M,67,Microsoft,13.01095890410959,2,414769126.5,B3K 3J6,Halifax,NS,432 11 Ave SE,Benjamin Cheung,Spouse
132,Samuel Das,M,57,NASSCOM,0.5041095890410959,1,11556331.2,L4J 7T4,Thornhill,ON,1540 Bloor St W,Léonie Lefebvre,Parent
133,Amrita Gagnon,F,59,People10 Technologies Inc.,0.915068493150685,2,1709543.933,N6B 2N4,London,ON,2337 West Mall,Amelia Gagnon,Sibling
134,Liam Singh,M,71,Microsoft,0.5808219178082191,3,12046739.6,L1N 1L9,Whitby,ON,195 Carlaw Ave,Isabella Singh,Spouse
135,Adrian Mills,M,64,NASSCOM,0.5041095890410959,1,11409609.79,B2V 1H1,Lower Sackville,NS,2053 Avenue Rd,Isabela Ribeiro,Parent
136,Sophie Martin,F,57,People10 Technologies Inc.,0.915068493150685,2,199005.9067,N5X 2Z9,London,ON,1997 Weston Rd,,
137,Raza Patel,M,38,Microsoft,0.5808219178082191,3,1586144.587,L5G 3E9,Mississauga,ON,50 Gerrard St E,Raj Patel,Child
138,Carolyn Gill,F,62,Microsoft,7.336986301369863,1,6973394.439,B2Y 3A3,Dartmouth,NS,2280 Dundas St W,Stewart Gill,Sibling
139,Amina Gagnon,F,61,EXCEED IT Services & Training,0.9178082191780822,2,918626.5805,L1S 4G8,Oshawa,ON,1171 Kingston Rd,Harper Gagnon,Spouse
140,Amelia Rousseau,F,31,Adobe,1.0,3,35408337.44,N2E 2E2,Kitchener,ON,417 Wellington St W,Omar MacKenzie,Child
141,Owen Mitchell,M,62,CitiXsys - iVend Retail,3.9178082191780814,4,2789447.381,B2W 5G5,Dartmouth,NS,301 Front St W,Frank Mitchell,Spouse
142,Benjamin Johnson,M,40,Microsoft,7.336986301369863,1,243253.7715,L1T 0G1,Oshawa,ON,214-1016 5 Ave SW,Charlotte Johnson,Child
143,Camille Lefebvre,F,60,EXCEED IT Services & Training,0.9178082191780822,2,92916.16418,B3M 1V7,Halifax,NS,1330 Danforth Ave,Clara Lefebvre,Spouse
144,Dorothy Reid,F,33,Adobe,1.0,3,6110178.269,N6J 1G2,London,ON,650 King St E,Natalie Reid,Child
145,Benjamin Ball,M,58,CitiXsys - iVend Retail,3.9178082191780814,4,1334068.305,L3P 3H9,Markham,ON,374 Huron St,Lucas Hardacre,Sibling
146,Samuel Choudhury,M,38,Nokia,45.276712328767125,1,2896908.898,B4A 4J8,Dartmouth,NS,1315 Lawrence Ave E,Valentina Gonzalez,Child
147,Benjamin Martel,M,61,Microsoft,1.4191780821917808,2,14292872.69,N5Y 3W7,London,ON,4455 17 Ave SE,Jiaxuan Tremblay,Spouse
148,Amara Ibrahim,F,40,Nokia,45.276712328767125,1,13844611.21,B3R 2H7,Halifax,NS,340-11400 27 St SE,Rashid Ibrahim,Child
149,Lorenzo Moretti,M,76,Microsoft,1.4191780821917808,2,627400.6307,L3T 7P9,Thornhill,ON,1200 37 St SW,,
150,Lorenzo Martini,M,64,Dassault SystËmes 3DEXCITE,0.9178082191780822,1,42096608.39,B2W 4S6,Dartmouth,NS,1669 Bloor St W,,
151,Nathan Gauthier,M,66,FH O÷ Forschung & Entwicklung GmbH,2.835616438356164,2,813024.6914,L9T 2Z9,Milton,ON,4279 Sheppard Ave E,Sofia Santos,Spouse
152,Nicola Randall,F,65,Microsoft,0.2520547945205479,3,9989773.384,A2V 2C8,Stephenville,NL,17780 Yonge St,Valentina Santos,Sibling
153,Luca Marchetti,M,55,"Interactive & Digital Media Institute, National University of Singapore",0.4191780821917808,4,2887968.957,R5R 0A9,Winnipeg,MB,3050 Lake Shore Blvd W,Joanne Gibson,Parent
154,Camila Rodriguez,F,76,Dassault SystËmes 3DEXCITE,0.9178082191780822,1,4126117.537,S0L 1K0,Kindersley,SK,1550 South Gateway Rd,Kamal Rodriguez,Sibling
155,Thomas Dubois,M,38,FH O÷ Forschung & Entwicklung GmbH,2.835616438356164,2,44721463.93,R3Y 1E1,Winnipeg,MB,40 Bay St,Leena Dubois,Child
156,Charlotte Ibrahim,F,60,Microsoft,0.2520547945205479,3,3594232.337,A2H 2Y3,Corner Brook,NL,1 Applewood Cres,Rahim Ibrahim,Spouse
157,Raj Patel,M,72,"Interactive & Digital Media Institute, National University of Singapore",0.4191780821917808,4,2460905.584,S4P 4S7,Regina,SK,299 Queen St W,Noah Patel,Spouse
158,Laura Gonzalez,F,66,"Sunera Technologies, Inc. (SuneraTech)",2.9178082191780823,1,4544266.703,R2P 2V7,Winnipeg,MB,33 Yonge St,Valentina Gonzalez,Spouse
159,Jake Vaughan,M,72,Microsoft,1.2465753424657535,2,808197.8716,S4T 7R7,Regina,SK,71 Parliament St,Lucas Tremblay,Sibling
160,Rahim Ibrahim,M,57,"Sunera Technologies, Inc. (SuneraTech)",2.9178082191780823,1,8386959.808,R3N 1J8,Winnipeg,MB,97 Front St E,Charlotte Ibrahim,Spouse
161,William Simpson,M,51,Microsoft,1.2465753424657535,2,2070539.451,S7J 1J6,Saskatoon,SK,363 King St E,Rebecca Simpson,Spouse
162,Ava MacKenzie,F,49,IBM,4.673972602739726,1,3549981.134,R3C 3Z3,Winnipeg,MB,37 Queen St E,Arjun MacKenzie,Spouse
163,Richard Butler,M,42,IBM,4.673972602739726,1,36869719.21,S4R 1X9,Regina,SK,255 Duncan Mill Rd,,
164,Jonas Müller,M,34,Partner Development Centre Asia Pacific,2.0876712328767124,1,13634186.85,S4T 1S1,Regina,SK,53 Church St,Jakob Müller,Child
165,Mia Fraser,F,45,Carpe Diem Consulting,5.758904109589041,2,1073850.962,R3X 1M8,Winnipeg,MB,133 Redpath Ave,William Li,Spouse
166,Samuel Murphy,M,58,Partner Development Centre Asia Pacific,2.0876712328767124,1,17306396.35,S4S 0W7,Regina,SK,163 Queen St E,Louis Royer,Sibling
167,Adrian Knox,M,53,Carpe Diem Consulting,5.758904109589041,2,161464.0169,R2C 5C5,Winnipeg,MB,2238 41 Ave NE,,
168,David Schmitt,M,62,PwC Consulting,0.6657534246575343,1,735875.5147,S7W 0K6,Saskatoon,SK,1200 Bay St,Mariam Lavoie,Parent
169,Antonio Ricci,M,54,Maersk Data,0.1671232876712328,2,2527882.849,R2H 0T2,Winnipeg,MB,3605 Victoria Park Ave,,
170,Jasmine Hardacre,F,64,Ramboll,5.331506849315068,3,359508.824,S4S 4Y7,Regina,SK,2550 Goldenridge Rd,Lucas Hardacre,Spouse
171,Joanne Hughes,F,47,NNIT,1.336986301369863,4,32785550.36,S7K 3Y3,Saskatoon,SK,4040 Creditview Rd,Alejandro Dubois,Spouse
172,Joseph Watson,M,68,Microsoft,5.087671232876712,5,72694062.14,R3R 3H5,Winnipeg,MB,10 York Mills Rd,Anna Hill,Parent
173,Olivia Campbell,F,36,Self Employed Independent Peoplesoft Consultant,1.4191780821917808,6,867583.2716,S4T 1N1,Regina,SK,900 Don Mills Rd,Amaya Campbell,Child
174,Daniel Nguyen,M,60,PwC Consulting,0.6657534246575343,1,30170985.03,R3T 3V3,Winnipeg,MB,2045 Kennedy Rd,Malik Nguyen,Parent
175,Leila Wong,F,58,Maersk Data,0.1671232876712328,2,386526.5024,S7T 0P1,Saskatoon,SK,1200 St Laurent Blvd,Zoya Wong,Sibling
176,Angela Robertson,F,60,Ramboll,5.331506849315068,3,314621.8761,S4S 5A6,Regina,SK,1384-1396 14th Ave,Zoe Wallace,Sibling
177,Gabriel Oliveira,M,45,NNIT,1.336986301369863,4,1109341.832,R2L 0J2,Winnipeg,MB,26 Peel Centre Dr,Gabriela Oliveira,Spouse
178,Noah Chen,M,32,Microsoft,5.087671232876712,5,3550072.638,S4R 6R4,Regina,SK,75 York Mills Rd,Natalie Reid,Child
179,Victor Allan,M,29,Self Employed Independent Peoplesoft Consultant,1.4191780821917808,6,39011365.78,S7L 0C8,Saskatoon,SK,100 Consilium Pl,Lauren Allan,Spouse
180,Oliver Ahmed,M,46,KOMPAN A/S,7.594520547945206,1,247721297.2,R2G 0T1,Winnipeg,MB,1 Concorde Gate,,
181,Samuel Moreau,M,25,LM Wind Power,1.673972602739726,2,1224190.701,S7W 0N3,Saskatoon,SK,305 Eglinton Ave W,Maria Torres,Grandchild
182,Sanaa Rodriguez,F,41,Arla Foods,3.0,3,225919.2992,R2Y 1M9,Winnipeg,MB,5255 Yonge St,,
183,Rajiv Tremblay,M,44,GRUNDFOS,2.0027397260273974,4,3943753.428,S4R 1Y1,Regina,SK,320 Bay St,Lily Tremblay,Child
184,Matteo Barbieri,M,47,Change Agents Worldwide,0.2520547945205479,5,1146381.381,S7K 3J7,Saskatoon,SK,55 University Ave,Emiliano Barbieri,Child
185,William Ahmed,M,59,"Yammer, Inc.",0.410958904109589,6,92182.0845,R3Y 0L7,Winnipeg,MB,40-70 Sheppard Ave E,Yusuf Ahmed,Spouse
186,Maria Torres,F,71,KOMPAN A/S,7.594520547945206,1,596498.5982,S7L 7L6,Saskatoon,SK,333 Bay St,Samuel Moreau,Grandparent
187,Fatima Roy,F,26,LM Wind Power,1.673972602739726,2,877640.4755,R3M 3R6,Winnipeg,MB,2495 Lawrence Ave E,Emma Royer,Child
188,Zara Rousseau,F,52,Arla Foods,3.0,3,365918.0728,S4P 0P7,Regina,SK,141 Bay St,Yusuf Rousseau,Child
189,Thomas Churchill,M,65,GRUNDFOS,2.0027397260273974,4,248208.4441,S4T 7S2,Regina,SK,2300 Yonge St,,
190,Zahir Wilson,M,78,Change Agents Worldwide,0.2520547945205479,5,29850236.98,R2X 1R1,Winnipeg,MB,144-2080 Lawrence Ave E,James Wilson,Spouse
191,Lisa Bell,F,52,"Yammer, Inc.",0.410958904109589,6,762302.7003,S7K 1M8,Saskatoon,SK,245 Consumers Rd,Penelope Pullman,Spouse
192,Oliver Li,M,52,Espire Infolabs,2.416438356164384,1,2693027.3,S4T 2S1,Regina,SK,2512 Finch Ave W,Kofi Li,Child
193,Aamir Li,M,56,NexGEN Consultancy Pvt Ltd,1.5041095890410958,2,11400491.1,R2K 4A1,Winnipeg,MB,61 Yorkville Ave,Olivia McKay,Spouse
194,Asher Wilson,M,38,Espire Infolabs,2.416438356164384,1,4995326.979,S7L 3V3,Saskatoon,SK,68 Broadview Ave,,
195,Emma O'Connor,F,28,NexGEN Consultancy Pvt Ltd,1.5041095890410958,2,274297618.8,R2J 2C3,Winnipeg,MB,173 Mountjoy St S,Samuel O'Connor,Spouse
196,Adrian Weber,M,26,Hewlett Packard Enterprise,2.915068493150685,1,2137212.707,S4S 4G1,Regina,SK,201 Queens Quay W,Roman Weber,Child
197,Felicity Stewart,F,58,Microsoft,3.9178082191780814,2,2959353.789,S7M 0A1,Saskatoon,SK,47 Sheppard Ave E,Liam Stewart,Spouse
198,Ayaan Wilson,M,30,Boeing,3.9178082191780814,3,12072674.45,R2M 4J4,Winnipeg,MB,50 Eglinton Ave E,,
199,Sean Rodríguez,M,63,Hewlett Packard Enterprise,2.915068493150685,1,56671151.97,S4P 3Y2,Regina,SK,3 Bridle Rd,Gabriela Oliveira,Sibling
200,Amir Wilson,M,55,Microsoft,3.9178082191780814,2,4554059.131,S7K 2Y6,Saskatoon,SK,16 Laird Dr,William Wilson,Spouse
201,Adrian Nowak,M,61,Boeing,3.9178082191780814,3,13638068.29,R3J 0Z6,Winnipeg,MB,122 Leila Ave,,
202,James Tremblay,M,46,Top Juice,0.2465753424657534,1,48146392.74,S7L 6G8,Saskatoon,SK,80 Richmond St W,Alexander Tremblay,Child
203,Amir Lavoie,M,43,Pre-Uni New College,2.8328767123287677,2,564080.2861,S4S 5W5,Regina,SK,37 Grosvenor St,,
204,Benjamin Leroy,M,54,North Shore Coaching College,0.4958904109589041,3,56013953.65,R3E 2W3,Winnipeg,MB,4894 Dundas St W,Zaina Leroy,Child
205,Tobias Fischer,M,45,Top Juice,0.2465753424657534,1,2139828.586,S4S 3G3,Regina,SK,30 Main St N,Enzo Ferrari,Sibling
206,Chiara Romano,F,30,Pre-Uni New College,2.8328767123287677,2,1276037.395,S4S 4G2,Regina,SK,39 Bronte Rd,Elise Rochon,Spouse
207,Aliyah Johnson,F,56,North Shore Coaching College,0.4958904109589041,3,3673343.42,R3T 3G3,Winnipeg,MB,2040 Bathurst St,Inara Johnson,Parent
208,Noor Cheung,F,64,Blue Titan Software,5.002739726027397,1,238347.4341,S4S 2S4,Regina,SK,3265 W Broadway,Benjamin Cheung,Spouse
209,Léa Bernard,F,41,Blue Titan Software,5.002739726027397,1,372879.5398,S7H 3A3,Saskatoon,SK,101 Station Landing,,
210,Sofia Costa,F,51,Quick Knowledge,0.4136986301369863,1,47282940.79,R2V 1Y6,Winnipeg,MB,1980 Yonge St,Isabella Costa,Spouse
211,Zayn Leroy,M,45,Tynan Mackenzie,0.4191780821917808,2,18763894.49,S4S 6B7,Regina,SK,1000 Murray Ross Pkwy,Noah Leroy,Sibling
212,Anne May,F,59,Microsoft,0.1616438356164383,3,436710.3484,S4S 6B6,Regina,SK,925 Rathburn Rd E,Rayan Choudhury,Spouse
213,Joe Clarkson,M,50,Quick Knowledge,0.4136986301369863,1,285292.3073,R3M 1K7,Winnipeg,MB,1300 King St E,Ethan Wong,Spouse
214,Amelia Chowdhury,F,34,Tynan Mackenzie,0.4191780821917808,2,859234.422,S7K 2W8,Saskatoon,SK,635 8 Ave SW,Salma Chowdhury,Child
215,Matteo Esposito,M,79,Microsoft,0.1616438356164383,3,64679469.12,S4S 4H4,Regina,SK,3421 Dufferin St,Christopher Lee,Parent
216,Hamza Singh,M,56,Microsoft,0.0,1,13382251.86,S7H 4K4,Saskatoon,SK,111 Lombard Ave,Zara Singh,Spouse
217,Aisling Fernandes,F,40,Capgemini,1.747945205479452,2,504699.5473,M5B 1V7,Toronto,ON,2933 Main St,Sofia Fernandes,Sibling
218,Adila Desjardins,F,72,Microsoft,0.0,1,5100640.636,L5J 1A7,Mississauga,ON,276 Carlaw Ave,Liam Desjardins,Spouse
219,Eric Russell,M,69,Capgemini,1.747945205479452,2,5428756.549,M9P 3T7,Toronto,ON,380 Wellington St,Wanda Russell,Spouse
220,Emilia Pereira,F,35,Janssen Inc.,2.4986301369863013,1,2983900.111,L4C 0K3,Richmond Hill,ON,200 Victoria St,,
221,Ruhi Wong,F,40,King Pharmaceuticals,5.16986301369863,2,1337937.334,M1N 1R7,Toronto,ON,910 Richmond Rd,,
222,Isabela Ribeiro,F,41,Boston Scientific,3.416438356164384,3,24241140.63,L5K 1B7,Mississauga,ON,620 Yonge St,Adrian Mills,Child
223,Amelia Nguyen,F,20,St. Jude Medical,3.0027397260273974,4,12907368.17,M1C 5H8,Toronto,ON,2177 Burnhamthorpe Rd W,Isabella Leroy,Child
224,Amélie Dubois,F,45,Abbott,1.3315068493150686,5,405229.295,L4J 5C8,Thornhill,ON,224 Eglington Ave W,Rebecca Simpson,Spouse
225,Armaan Tremblay,M,69,Janssen Inc.,2.4986301369863013,1,5375065.171,M6H 3W3,Toronto,ON,10 Victoria St E,Rose Davies,Sibling
226,Simon Schäfer,M,69,King Pharmaceuticals,5.16986301369863,2,4232272.428,L6P 2W8,Brampton,ON,280 Wallace Ave,,
227,Darius Ibrahim,M,76,Boston Scientific,3.416438356164384,3,9696958.599,M3B 2M4,North York,ON,1046 Islington Ave,James Ibrahim,Parent
228,Sebastian Ellison,M,27,St. Jude Medical,3.0027397260273974,4,23394290.28,L5R 0B1,Mississauga,ON,6 Wellesley St W,Heather Mills,Child
229,Olivia Johnson,F,45,Abbott,1.3315068493150686,5,448148.7414,M2P 1T7,North York,ON,320 Tweedsmuir Ave,Rahul Johnson,Spouse
230,Avinash Nguyen,M,41,"Keeping Tranditions, Inc.",0.7506849315068493,1,310764.9361,L6T 5P6,Brampton,ON,735 Broadview Ave,Trevor Wallace,Spouse
231,Nalini Campbell,F,46,SWENSON,0.2520547945205479,2,255720.5295,M5P 2G8,Toronto,ON,3816 Victoria Ave,,
232,Liam Stewart,M,59,"McManigal & Associates Architects, PLLC",0.9178082191780822,3,100569117.5,L3R 3T3,Markham,ON,343 Main St,Felicity Stewart,Spouse
233,Oliver MacLeod,M,44,Reachwerks,0.4136986301369863,4,4613272.121,M1L 4R5,Toronto,ON,1235 Bay St,Chloé Girard,Child
234,Frank Mitchell,M,65,Hornall Anderson,0.2520547945205479,5,736817.1982,L4B 4M6,Richmond Hill,ON,2335 50 Ave SW,Owen Mitchell,Spouse
235,Sally Manning,F,51,Ingeniux Corporation,2.164383561643836,6,126065561.2,M4G 2H4,East York,ON,54 East Liberty St,Dominic Hill,Child
236,Yusuf Rousseau,M,71,"Keeping Tranditions, Inc.",0.7506849315068493,1,59500080.86,L4B 1E5,Richmond Hill,ON,5905 Mavis Rd,Yasin Rousseau,Spouse
237,Oliver Ibrahim,M,34,SWENSON,0.2520547945205479,2,45444.184,M3A 3N6,North York,ON,393 King St W,Manon Pelletier,Child
238,Olivia Roy,F,42,"McManigal & Associates Architects, PLLC",0.9178082191780822,3,722631.3001,L6Y 0V9,Brampton,ON,141 Merton St,Alexander Roy,Child
239,Rebecca Simpson,F,50,Reachwerks,0.4136986301369863,4,2654183.276,M2K 3N3,North York,ON,10 Ravel Rd,Amélie Dubois,Spouse
240,Noah Anderson,M,65,Hornall Anderson,0.2520547945205479,5,11440412.01,L6X 4V7,Brampton,ON,10380 78 Ave NW,Laura González,Sibling
241,Finnegan Pacheco,M,73,Ingeniux Corporation,2.164383561643836,6,369427.5857,M4S 3A3,Toronto,ON,1060 Speers Rd,Penelope Jones,Parent
242,Anwar MacKenzie,M,49,ITGROUP,7.586301369863014,1,530227.0147,L4K 4V8,Concord,ON,5757 Kennedy Rd,Oliver MacKenzie,Parent
243,Antonella Ruiz,F,51,Microsoft,2.578082191780822,2,1328126.699,M1H 2B1,Toronto,ON,2357 Finch Ave W,Valentina Ruiz,Spouse
244,Ian Lee,M,57,dr.consulta,0.5041095890410959,3,3406499.778,L6R 1R1,Brampton,ON,390 Bloor St W,Charlotte Lee,Spouse
245,Anthony Henderson,M,59,ITGROUP,7.586301369863014,1,4281530.226,M5R 1G8,Toronto,ON,1800 Sheppard Ave E,Ayan Murphy,Spouse
246,Yasin Rousseau,M,69,Microsoft,2.578082191780822,2,6252968.169,L5B 0H8,Mississauga,ON,1524 Bathurst St,Mathieu Rousseau,Spouse
247,Aarav Ahmed,M,65,dr.consulta,0.5041095890410959,3,379124.0497,M6B 4L4,Toronto,ON,1572 Wilson Ave,Saif Ahmed,Parent
248,Brigid Lopes,F,41,Concepts Systems,0.1671232876712328,1,1657334.003,L3T 7V8,Thornhill,ON,15 York St,Charlotte O'Connor,Sibling
249,Léa Boucher,F,40,Microsoft,3.0,2,1237353.235,M5R 1J1,Toronto,ON,190 Queen's Quay E,Siobhan Costa,Spouse
250,Marcel Klein,M,59,Concepts Systems,0.1671232876712328,1,45144976.92,L5V 2H8,Mississauga,ON,65 Mowat Ave,Tomasz Wojcik,Sibling
251,Valentina Ruiz,F,49,Microsoft,3.0,2,3560741.602,M4N 2K6,Toronto,ON,1 Sheppard Ave E,Antonella Ruiz,Spouse
252,Élodie Moreau,F,34,Newcastle institute of energy and resource,0.084931506849315,1,84221979.59,L4S 2T2,Richmond Hill,ON,4099 Erin Mills Pkwy,,
253,Emily Dubois,F,54,James Glen,0.0821917808219178,2,25208165.54,M4M 2V7,Toronto,ON,1905 Queen St E,Isabella Dubois,Spouse
254,Charlotte MacKenzie,F,56,NJStar Software Production,0.084931506849315,3,663820.4428,L4W 4Z7,Mississauga,ON,2810 Matheson Blvd E,Benjamin MacKenzie,Spouse
255,Megan Roberts,F,77,Microsoft,0.4958904109589041,4,3380021.593,M6N 1K5,Toronto,ON,86 Laird Dr,Ryan Hodges,Grandparent
256,Charlotte Cheung,F,46,Newcastle institute of energy and resource,0.084931506849315,1,4324142.033,L3T 7N3,Thornhill,ON,1 Yonge St,Elise Rochon,Parent
257,Lucas Tremblay,M,58,James Glen,0.0821917808219178,2,41164277.55,M6H 2G5,Toronto,ON,111 Peter St,Jake Vaughan,Sibling
258,Grace Quinn,F,52,NJStar Software Production,0.084931506849315,3,892670.4393,L3T 5H5,Markham,ON,2075 Bayview Ave,Simon Quinn,Spouse
259,Amelia Murphy,F,83,Microsoft,0.4958904109589041,4,176311.9985,M2J 4T1,North York,ON,3300 Dufferin St,Adnan Murphy,Grandparent
260,Hassan Wong,M,47,HEAT Software,4.583561643835616,1,4719354.108,L4B 1C7,Richmond Hill,ON,327 Bloor St W,Ava Wong,Sibling
261,Isabella Dubois,F,65,MWEB,0.5041095890410959,2,4330861.575,M5J 2C4,Toronto,ON,30 St Patrick St,Zoya Dubois,Parent
262,Margot Poirier,F,46,Microsoft South Africa,5.668493150684932,3,9685706.43,L5L 1V1,Mississauga,ON,6 John St,Oliver MacKenzie,Sibling
263,Aoife Dias,F,65,"Microsoft West, East & Central Africa and Indian Ocean Islands",0.7534246575342466,4,3365281.157,M4Y 1K5,Toronto,ON,490 Sussex Dr,,
264,Rashid Wong,M,57,HEAT Software,4.583561643835616,1,21626311.77,L4C 6Y5,Richmond Hill,ON,1380 Don Mills Rd,Emma Wong,Spouse
265,Kabir Tremblay,M,52,MWEB,0.5041095890410959,2,1179393.184,M3B 3M3,North York,ON,1486 Bathurst St,Khaled Tremblay,Child
266,Natalie Reid,F,71,Microsoft South Africa,5.668493150684932,3,179133.3696,L6Y 2K2,Brampton,ON,220 Yonge St,Noah Chen,Parent
267,Chloé Girard,F,66,"Microsoft West, East & Central Africa and Indian Ocean Islands",0.7534246575342466,4,433673.9913,M4S 1G4,Toronto,ON,1180 Eglinton Ave W,Zoé Girard,Sibling
268,Laura González,F,51,A.I.M. Cash & Carry,0.7534246575342466,1,6120905.402,L5W 1K8,Mississauga,ON,47 Gloucester St,Noah Anderson,Sibling
269,Inara Johnson,F,27,Aristocrat,11.41917808219178,2,5704093.62,M6G 1M1,Toronto,ON,2597 Yonge St,Aliyah Johnson,Child
270,Ryan Hodges,M,31,A.I.M. Cash & Carry,0.7534246575342466,1,431443.5007,L6R 2H2,Brampton,ON,880 Bathurst St,Megan Roberts,Grandchild
271,Penelope Jones,F,47,Aristocrat,11.41917808219178,2,136595988.9,M2R 3N5,North York,ON,100 King St W,Robert Burgess,Parent
272,Joe Knox,M,58,CDK Digital Marketing,3.4986301369863013,1,2969263.068,L4J 8W8,Thornhill,ON,10 Dundas St E,Harry Knox,Sibling
273,Tim Nash,M,73,Microsoft,5.254794520547946,2,18091505.87,M5P 2N2,Toronto,ON,1021 Queen St W,Caroline Nolan,Parent
274,Omar MacKenzie,M,55,Point B,5.254794520547946,3,12073613.1,L5K 1E3,Mississauga,ON,10 Lower Spadina Ave,Amelia Rousseau,Parent
275,Angela Watson,F,38,Strong-Bridge Consulting,0.1698630136986301,4,5160876.173,M1C 1E7,Toronto,ON,360 Bloor St W,Fabian Fischer,Child
276,Gabriela Oliveira,F,54,"Expedia, Inc.",1.1643835616438356,5,9696702.198,L4J 7K1,Thornhill,ON,4711 Yonge St,Gabriel Oliveira,Spouse
277,Asha Patel,F,61,Nordstrom,2.336986301369863,6,268414415.1,M1E 3Y3,Toronto,ON,135 Queen's Plate Dr,Noah Patel,Spouse
278,Maria Lima,F,68,CDK Digital Marketing,3.4986301369863013,1,55497.08158,L6R 2P5,Brampton,ON,99 Atlantic Ave,Rafaela Lima,Parent
279,Clara Rodrigues,F,58,Microsoft,5.254794520547946,2,187341942.4,M4G 3A7,East York,ON,11 Peel Ave,Lily Kerr,Spouse
280,Charlotte Singh,F,48,Point B,5.254794520547946,3,52297.1257,L5N 7T6,Mississauga,ON,44 St Joseph St,Idris Singh,Spouse
281,Sean Kelly,M,52,Strong-Bridge Consulting,0.1698630136986301,4,96046656.48,M4N 3B4,Toronto,ON,270 Avenue Rd,Yvonne Kelly,Spouse
282,Omar Singh,M,34,"Expedia, Inc.",1.1643835616438356,5,614477.3567,L5G 2G2,Mississauga,ON,396 Bloor St W,Aisha Singh,Sibling
283,Kiana Nguyen,F,48,Nordstrom,2.336986301369863,6,1996730.125,M5T 1H1,Toronto,ON,161 Bloor St E,,
284,Isaac Thompson,M,30,Nets & Webs,2.83013698630137,1,1070935.242,L5R 2C3,Mississauga,ON,121 King St W,Keith McDonald,Spouse
285,Sophia Gagnon,F,44,Dimension Data,8.761643835616438,2,100800.2742,M9R 3J6,Toronto,ON,1220 Eglinton Ave W,Théo Blais,Sibling
286,Zara Singh,F,50,Federal Department of Climate Change and Energy Efficiency,1.3287671232876712,3,2454961.744,L4S 2V7,Richmond Hill,ON,3255 Highway 7,Camille Bélanger,Sibling
287,Kareem Roy,M,51,Business Aspect,1.3287671232876712,4,2549170.524,M5S 2S2,Toronto,ON,350 Victoria St,Emma Roy,Spouse
288,Mia Chen,F,55,Nets & Webs,2.83013698630137,1,8810734.349,L5G 3Y9,Mississauga,ON,158 Cumberland St,James Chen,Parent
289,Hannah McGrath,F,54,Dimension Data,8.761643835616438,2,11591597.05,M6J 3E3,Toronto,ON,175 Bloor St E,William O'Connor,Spouse
290,William O'Connor,M,41,Federal Department of Climate Change and Energy Efficiency,1.3287671232876712,3,365124.8076,L6X 0Y9,Brampton,ON,445 Adelaide St W,Yousuf O'Connor,Spouse
291,Carol Abraham,F,50,Business Aspect,1.3287671232876712,4,20479344.63,M1T 1M9,Toronto,ON,545 Lakeshore Blvd W,Priya Desjardins,Sibling
292,Heather Mills,F,65,Deutsche Bank,4.002739726027397,1,308719.8934,L3T 2Y5,Thornhill,ON,2885 Bayview Ave,Sebastian Ellison,Parent
293,Noah Patel,M,66,Institute of Travel Management,5.084931506849316,2,34124759.17,M9A 3C6,Etobicoke,ON,360 King St W,Asha Patel,Spouse
294,William Lavoie,M,45,Deutsche Bank,4.002739726027397,1,13115665.73,L6X 5G5,Brampton,ON,2181 Steeles Ave W,,
295,Rose Powell,F,64,Institute of Travel Management,5.084931506849316,2,6017909.292,M5P 1W8,Toronto,ON,340 College St,,
296,Léonie Lefebvre,F,30,PWA,4.421917808219178,1,312029.6838,L5B 3W8,Mississauga,ON,220 Bloor St W,Samuel Das,Child
297,Laura Fernández,F,59,Microsoft Business Solutions,4.002739726027397,2,2131676.832,M6N 2M6,Toronto,ON,33 Gerrard St W,Elizabeth Scott,Spouse
298,Felix Turner,M,70,Microsoft,4.416438356164384,3,3456707.304,L4K 4R1,Concord,ON,93 Charles St W,,
299,Alexander Richter,M,53,Thomsons Online Benefits,5.252054794520548,4,1109599.705,M3K 1N7,North York,ON,111 Bathurst St,Emily Desjardins,Spouse
300,Anaya Chowdhury,F,47,Willis Towers Watson,6.671232876712328,5,18849567.98,L4K 4J7,Concord,ON,20 Blue Jays Way,Sophia Chowdhury,Sibling
301,Zaina Leroy,F,77,PWA,4.421917808219178,1,1929522.875,M6K 3C3,Toronto,ON,23 Spadina Ave,Benjamin Leroy,Parent
302,Sania Li,F,38,Microsoft Business Solutions,4.002739726027397,2,4687295.706,L6P 3P3,Brampton,ON,7 Charles St W,Abigail Li,Spouse
303,Rafaela Lima,F,38,Microsoft,4.416438356164384,3,1304105.791,M5V 1P6,Toronto,ON,361 University Ave,Zain Leroy,Sibling
304,Naima Campbell,F,35,Thomsons Online Benefits,5.252054794520548,4,16392.79563,L4K 4T2,Concord,ON,4700 Keele St,,
305,Anisa O'Connor,F,25,Willis Towers Watson,6.671232876712328,5,235515.0168,M1V 0E3,Toronto,ON,2200 Yonge St,Farah O'Connor,Sibling
306,Gabriela Silva,F,70,Microsoft,5.589041095890411,1,1536604.256,H2Y 1W5,Montreal,QC,35 Mariner Terr,Valentina Silva,Parent
307,Kimberly Scott,F,70,"Channel Crossings, s.r.o.",1.167123287671233,2,34699.88331,V5Y 0E8,Vancouver,BC,261 Richmond St W,Nadeem Das,Parent
308,Luiza Pereira,F,65,SATPO,0.4191780821917808,3,6751934.28,T2E 8W5,Calgary,AB,2460 Winston Churchill Blvd,,
309,Anjali Das,F,35,Microsoft,5.589041095890411,1,205869.4811,T5J 0A1,Edmonton,AB,110 Charles St E,Ehsan Das,Spouse
310,Gabriel Costa,M,39,"Channel Crossings, s.r.o.",1.167123287671233,2,12473898.1,K1Y 1X9,Ottawa,ON,50 Cumberland St,Zainab Leroy,Spouse
311,Roman Weber,M,52,SATPO,0.4191780821917808,3,19966518.42,R3M 3X3,Winnipeg,MB,20 Bay St,Adrian Weber,Parent
312,Julian Avery,M,48,Indian School of Business,1.0027397260273974,1,2320907.641,G1R 3N3,Quebec City,QC,311 Bay St,Leonard Springer,Spouse
313,Alessandro Russo,M,28,Toastmasters International,0.5835616438356165,2,28081.69665,L9B 2H6,Hamilton,ON,53 McCaul St,,
314,Marco Bianchi,M,45,bwin,2.419178082191781,3,83699.10474,N2H 4K1,Kitchener,ON,9001 Leslie St,Matteo Bianchi,Spouse
315,Charlotte Leclerc,F,73,Indian School of Business,1.0027397260273974,1,3687650.561,M3H 5W3,Toronto,ON,2460 Eglinton Ave E,,
316,Sofia Carvalho,F,28,Toastmasters International,0.5835616438356165,2,14086760.9,H2T 1W5,Montreal,QC,789 Yonge St,Laura Carvalho,Child
317,Isabella Leblanc,F,37,bwin,2.419178082191781,3,824585.837,V6P 3H6,Vancouver,BC,129 Spadina Ave,Zahra Leblanc,Sibling
318,Lucas Hardacre,M,52,HCL Technologies,1.8383561643835615,1,3110899.441,T3K 5H5,Calgary,AB,1801 Bayview Ave,Benjamin Ball,Sibling
319,Mia Lavoie,F,66,HCL Technologies,1.8383561643835615,1,169110.0638,T5H 2J4,Edmonton,AB,1033 King St W,Elodie Lavoie,Spouse
320,Trevor Wallace,M,45,Sea Dragon Dive Center,1.0027397260273974,1,8009764.623,K1N 8J6,Ottawa,ON,1735 Kipling Ave,Avinash Nguyen,Spouse
321,Matteo Rossi,M,56,MANGO,0.5863013698630137,2,25646324.67,R3C 3V6,Winnipeg,MB,2100 Bloor St W,,
322,Jakob Müller,M,74,CCS Fundraising,1.16986301369863,3,1145340.176,G1V 2M2,Quebec City,QC,1077 North Service Rd,Jonas Müller,Parent
323,Maia Kim,F,59,Sea Dragon Dive Center,1.0027397260273974,1,303105.2004,L8S 1B1,Hamilton,ON,101 College St,Ethan Kim,Spouse
324,Olivia McKay,F,47,MANGO,0.5863013698630137,2,109407511.7,N2M 3Y3,Kitchener,ON,345 Bloor St E,Aamir Li,Spouse
325,Lucas Fortin,M,62,CCS Fundraising,1.16986301369863,3,157824.2355,M9A 1H4,Toronto,ON,30 Ordnance St,,
326,Théo Gagnon,M,55,Microsoft,0.2520547945205479,1,229094.8261,V5X 4K6,Vancouver,BC,1001 Queen St E,,
327,Fabian Fischer,M,67,Dell,11.923287671232876,2,10073742.92,T2M 2K7,Calgary,AB,283 College St,Angela Watson,Parent
328,Emma Johnson,F,39,Microsoft,0.2520547945205479,1,59002555.31,T6R 2T3,Edmonton,AB,174 Spadina Ave,Karen Mackenzie,Spouse
329,Ronan Gomes,M,38,Dell,11.923287671232876,2,1775573.953,K1M 1C3,Ottawa,ON,2340 Dundas St W,Amira Das,Child
330,Luca Rossi,M,19,Brand New School,2.331506849315069,1,1503052.891,R2X 2V7,Winnipeg,MB,1185 Queen St W,Rashid Ibrahim,Grandchild
331,Bastien Lambert,M,64,Apple,1.5041095890410958,2,7221276.387,G1S 1C1,Quebec City,QC,35 Carl Hall Rd,Luke Lambert,Spouse
332,Alejandro Dubois,M,56,Yahoo! Inc.,2.331506849315069,3,2367820.559,L8L 1N9,Hamilton,ON,401 Richmond St W,Joanne Hughes,Spouse
333,Zayd Rousseau,M,55,Microsoft,2.665753424657534,4,2963976.215,N2L 3C5,Kitchener,ON,1 Harbour Sq,Adam Grant,Sibling
334,Emily Desjardins,F,44,Bing Technologies,0.2520547945205479,5,12976699.37,M5S 1G4,Toronto,ON,39 Parliament St,Alexander Richter,Spouse
335,Charlotte O'Connor,F,42,Samsung Mobile,3.334246575342466,6,752680.6687,H4A 2H4,Montreal,QC,185 Spadina Ave,Samuel O'Connor,Sibling
336,Luke Lambert,M,59,IBM,0.7506849315068493,7,11631177.52,V6E 1N2,Vancouver,BC,364 Richmond St W,Bastien Lambert,Spouse
337,Isabella Leroy,F,51,Brand New School,2.331506849315069,1,26800134.36,T3C 1Y8,Calgary,AB,630 Queen St E,Amelia Nguyen,Parent
338,Ehsan Das,M,45,Apple,1.5041095890410958,2,14738613.66,T5G 0X5,Edmonton,AB,77 Bloor St W,Anjali Das,Spouse
339,Vanessa Harris,F,49,Yahoo! Inc.,2.331506849315069,3,14648177.57,K2P 0S2,Ottawa,ON,100 Wellington St W,Juliette Giroux,Spouse
340,Aisha Singh,F,30,Microsoft,2.665753424657534,4,460326.2119,R3L 0P3,Winnipeg,MB,123 Queen St W,Omar Singh,Sibling
341,Kofi Li,M,71,Bing Technologies,0.2520547945205479,5,403312.544,G2J 1A4,Quebec City,QC,10 Capreol Crt,Oliver Li,Parent
342,Lily Kerr,F,52,Samsung Mobile,3.334246575342466,6,8850313.94,L8P 1E2,Hamilton,ON,200 Wellington St N,Clara Rodrigues,Spouse
343,Priya Desjardins,F,64,IBM,0.7506849315068493,7,73219.57143,N2G 1B7,Kitchener,ON,1600 Steeles Ave W,Maya Desjardins,Spouse
344,Oliver Kim,M,56,Halliburton,3.336986301369863,1,15341873.28,M6R 1A5,Toronto,ON,660 Eglinton Ave E,Sophia Kim,Parent
345,Liam Desjardins,M,66,Microsoft,20.265753424657536,2,21199256.71,H1N 2C5,Montreal,QC,3800 Yonge St,Ava Desjardins,Parent
346,Akio Gagnon,M,66,Halliburton,3.336986301369863,1,155207.3687,V5Z 4C2,Vancouver,BC,500 Queen St E,Amelia Gagnon,Spouse
347,Abigail Leblanc,F,59,Microsoft,20.265753424657536,2,198872.3679,V9A 1T3,Victoria,BC,142 John St,Maya Leblanc,Spouse
348,Lucas Rousseau,M,45,SnapLogic,0.8301369863013699,1,500240.7734,V1X 7X1,Kelowna,BC,50 Carlton St,,
349,Camille Bélanger,F,59,"Yammer, Inc.",0.4986301369863014,2,7540402.483,K1Y 3A3,Ottawa,ON,1 King St W,Étienne Bélanger,Spouse
350,Lily Tremblay,F,74,Microsoft,4.421917808219178,3,2030571.834,N6A 3N3,London,ON,170 Bloor St W,Rajiv Tremblay,Parent
351,Salma Chowdhury,F,68,SnapLogic,0.8301369863013699,1,4245890.335,N5A 2S1,Stratford,ON,30 Bond St,Amelia Chowdhury,Parent
352,Joanne Gibson,F,37,"Yammer, Inc.",0.4986301369863014,2,7542993.215,L0S 1J0,Niagara-on-the-Lake,ON,49 McCaul St,Pippa Gibson,Child
353,Maximilian Schäfer,M,67,Microsoft,4.421917808219178,3,3466179.202,K7L 1G1,Kingston,ON,2 Bloor St E,James Ibrahim,Spouse
354,Benjamin Campbell,M,52,TSN - The Sports Network - Canada,3.0876712328767124,1,826065.7667,E3A 2C6,Fredericton,NB,221 Yonge St,Sophia Hamilton,Spouse
355,Sami Ahmed,M,28,IQ 20/20,1.0767123287671232,2,16887129.77,C1N 2T2,Summerside,PE,50 Burnhamthorpe Rd W,,
356,William Rodriguez,M,38,Collabera Inc.,1.0,3,256437.7648,B3J 1E5,Halifax,NS,10 Bellair St,,
357,Leonardo Romano,M,51,TSN - The Sports Network - Canada,3.0876712328767124,1,56830584.78,V8W 1W6,Victoria,BC,180 York St,,
358,Clara Lefebvre,F,52,IQ 20/20,1.0767123287671232,2,1063013.953,V1Y 2E6,Kelowna,BC,222 Spadina Ave,Camille Lefebvre,Spouse
359,Camila Rodrigues,F,62,Collabera Inc.,1.0,3,6903516.061,K2P 0E8,Ottawa,ON,45 Charles St E,Valentina Oliveira,Parent
360,Étienne Bélanger,M,53,Maritime Services Board of NSW,0.410958904109589,1,3450461467.0,N6C 3T3,London,ON,11 Charlotte St,Emiliano Rossi,Spouse
361,Layla Chowdhury,F,51,"CCHS, The University of Sydney",6.336986301369863,2,2012594.001,N5A 0B7,Stratford,ON,1073 Yonge St,James Chen,Parent
362,Ethan Wong,M,43,SydU*tech,1.4164383561643836,3,2163951.936,L0S 1J0,Niagara-on-the-Lake,ON,120 Eglinton Ave E,Joe Clarkson,Spouse
363,Malik Nguyen,M,30,University of Sydney,1.0,4,66026.22933,K7L 2S7,Kingston,ON,25 Carlton St,Daniel Nguyen,Child
364,Noah Leroy,M,61,Financial Systems of Australia,0.5013698630136987,5,12967311.39,E3B 2K8,Fredericton,NB,141 Adelaide St W,Zayn Leroy,Sibling
365,Anna Parkinson,F,50,Maritime Services Board of NSW,0.410958904109589,1,358451.2159,C1N 6S8,Summerside,PE,43 Gerrard St E,James Rodriguez,Parent
366,Liam O'Sullivan,M,31,"CCHS, The University of Sydney",6.336986301369863,2,4439115.423,B3H 1A1,Halifax,NS,261 King St W,,
367,Chloé Tremblay,F,64,SydU*tech,1.4164383561643836,3,5709379.889,V8V 1C8,Victoria,BC,260 Adelaide St E,Arjun Tremblay,Sibling
368,Nadeem Das,M,43,University of Sydney,1.0,4,7113487.833,K1S 2L2,Ottawa,ON,4 Charles St E,Diane Stewart,Sibling
369,Victor Grenier,M,39,Financial Systems of Australia,0.5013698630136987,5,256158.309,N6G 3K3,London,ON,121-129 Saint Clair Ave W,Gavin Piper,Child
370,Mariam Lavoie,F,37,"SumTotal Systems, LLC",10.257534246575345,1,14574120.14,N5A 0A1,Stratford,ON,8 Mercer St,David Schmitt,Child
371,Adrian Krüger,M,56,BroadPoint Group,0.1671232876712328,2,13894553.73,L0S 1J0,Niagara-on-the-Lake,ON,800 Bay St,Carol Walker,Spouse
372,Benjamin Cheung,M,74,Microsoft,2.0821917808219177,3,295776.614,K7M 6R7,Kingston,ON,228 Queens Quay W,Ethan Tremblay,Spouse
373,James Rodriguez,M,30,"SumTotal Systems, LLC",10.257534246575345,1,21334654.99,E3C 1L7,Fredericton,NB,365 Bloor St E,Amelia Rodriguez,Child
374,Farhan Campbell,M,72,BroadPoint Group,0.1671232876712328,2,18280199.02,C1N 2T2,Summerside,PE,270 Wellington St W,Mia Campbell,Spouse
375,Lauren Allan,F,28,Microsoft,2.0821917808219177,3,1457454.941,B3J 2R2,Halifax,NS,62 Yorkville Ave,Victor Allan,Spouse
376,Charlotte Lee,F,47,RS2i,5.164383561643835,1,532861.6272,V8W 3Z6,Victoria,BC,1 Front St E,Ian Lee,Spouse
377,Ji-hoon Tremblay,M,65,Taranis Software Pty Ltd,1.252054794520548,2,29106.00107,V1Y 1S6,Kelowna,BC,35 Balmuto St,Khaled Tremblay,Spouse
378,Caroline Butler,F,45,RS2i,5.164383561643835,1,183413.9403,K1M 1N8,Ottawa,ON,22 Church St,Mathis Bergeron,Sibling
379,Leonardo Schneider,M,55,Taranis Software Pty Ltd,1.252054794520548,2,9205670.112,N6B 2S3,London,ON,99 Queen's Plate Dr,Alexander Schmidt,Spouse
380,Alexandre Tremblay,M,32,Wunderman-Bienalto,0.7506849315068493,1,121612933.3,N5A 0A1,Stratford,ON,51 Parliament St,,
381,Leena Dubois,F,69,Wunderman-Bienalto,0.7506849315068493,1,2120946.438,L0S 1J0,Niagara-on-the-Lake,ON,42 Charles St E,Jackson Roy,Sibling
382,Inaya Patel,F,35,The University of Edinburgh,9.835616438356164,1,38680559.34,K7L 3A3,Kingston,ON,62 Charles St W,Liam Patel,Grandchild
383,Sofia Rousseau,F,51,Heriot-Watt University,3.668493150684931,2,1664011.699,E3B 6E5,Fredericton,NB,277 Wellington St W,,
384,Alan Forsyth,M,68,The University of Edinburgh,9.835616438356164,1,3816174.962,C1N 4P9,Summerside,PE,5200 Yonge St,Valentina Santos,Spouse
385,Rose Davies,F,75,Heriot-Watt University,3.668493150684931,2,572978.3882,B3J 3G9,Halifax,NS,330 Bay St,Armaan Tremblay,Sibling
386,Théo Blais,M,42,Global Brands Group (GBG),1.5041095890410958,1,13508129.2,V8X 2A9,Victoria,BC,12 Yonge St,Sophia Gagnon,Sibling
387,Alexander Roy,M,61,Microsoft,1.7589041095890412,2,2907173.355,V1Y 9X9,Kelowna,BC,450 King St W,Emma Roy,Spouse
388,Charles Mathis,M,32,The Austin Chronicle,3.750684931506849,1,62509.58279,K1M 1N6,Ottawa,ON,172 John St,Abigail Li,Sibling
389,Baptiste Richard,M,20,The University of Texas at Austin,3.0,2,74105168.32,K4M 1B4,Manotick,ON,86 John St,,
390,Zoya Dubois,F,36,Gnap! Theatre Projects,3.5835616438356164,3,2213645.077,N5W 3R4,London,ON,200 Victoria St,Kareem Lavoie,Spouse
391,Isabella Santos,F,39,University of Southern California,3.16986301369863,4,1028037.242,J0R 1B0,Saint-Adolphe-d'Howard,QC,111 Peter St,Harry Knox,Child
392,Mohammed Patel,M,48,"BMW of North America, LLC",0.5835616438356165,5,12719630.24,T9V 1K6,Lloydminster,AB,163 Spadina Ave,Aasiyah Patel,Spouse
393,Sophia Tremblay,F,39,Worldbuilding Media Lab,1.0,6,38606108.38,V7G 1H6,North Vancouver,BC,25 The Esplanade,Ashok Tremblay,Sibling
394,Keith McDonald,M,42,Paralect,2.0,7,639477.957,V1N 2Y2,Castlegar,BC,200 King St E,Isaac Thompson,Spouse
395,Carol Walker,F,66,Microsoft,0.1671232876712328,8,290274.7712,V4B 4C8,White Rock,BC,66 Wellington St W,Jane Walker,Spouse
396,Alannah Rocha,F,72,Frima,0.336986301369863,9,415159.997,H3J 2V5,Montréal,QC,200 Adelaide St W,Stephen Black,Parent
397,Valentina Gonzalez,F,69,5d Global Studio,0.084931506849315,10,666495.7025,K2J 2N5,Nepean,ON,45 Carlton St,Samuel Choudhury,Parent
398,Alice Deschamps,F,69,Mobius Digital Games,2.0794520547945203,11,347686.724,T4J 1M9,Ponoka,AB,165 Front St E,Luca De Luca,Spouse
399,Jack McLean,M,58,Norbury Manor High School for Girls,0.8328767123287671,1,4078471.045,V8P 3X9,Victoria,BC,33 Mill St,Lorenzo Ferrari,Sibling
400,Mathis Bergeron,M,33,McCluskey International,3.673972602739726,2,246897902.6,V6K 1K1,Vancouver,BC,55 Ann St,Caroline Butler,Sibling
401,Tomasz Wojcik,M,53,Omnicom Media Group UK,1.336986301369863,3,8628503.9,L1K 1T3,Oshawa,ON,18 Yorkville Ave,Marcel Klein,Sibling
402,Amira Das,F,58,CondÈ Nast,0.7506849315068493,4,1430216.08,N5A 2S2,Stratford,ON,277 Victoria St,Ronan Gomes,Parent
403,Idris Singh,M,40,Laurentian University/UniversitÈ Laurentienne,2.416438356164384,1,38417616.06,G8B 5S5,Saguenay,QC,4750 Yonge St,Ana Rosa,Sibling
404,Zoé Laurent,F,61,Atlas Copco,0.3287671232876712,2,141340.2778,V9P 2H3,Parksville,BC,220 Bloor St E,,
405,Valentina Silva,F,41,Microsoft,4.16986301369863,3,6240414.788,V9R 1C1,Nanaimo,BC,357 King St W,Declan Silva,Sibling
406,Mathieu Rousseau,M,63,Carleton University,0.8328767123287671,4,442755.5909,L9G 3J9,Dundas,ON,49 Bathurst St,Yasin Rousseau,Spouse
407,Louis Royer,M,73,Taste Monkey Inc.,2.331506849315069,5,12913694.08,T1A 7K2,Medicine Hat,AB,80 John St,Samuel Murphy,Sibling
408,Diane Rutherford,F,32,"Expedia, Inc.",4.504109589041096,6,818579.8638,H9B 2K9,Pointe-Claire,QC,3 York St,Pippa Rutherford,Sibling
409,Samuel O'Connor,M,35,Microsoft,0.1671232876712328,1,1066768.484,L5E 1G4,Mississauga,ON,30 Holly St,Emma O'Connor,Spouse
410,Oliver Schuster,M,33,Universit‡ degli Studi di Trento,0.0821917808219178,2,7991851.753,H3Y 2Z1,Montréal,QC,12 Queen St W,Isabella Murphy,Spouse
411,Sofia Santos,F,54,Indian Institute of Science (IISc),0.915068493150685,3,724288.2039,T1K 1K1,Lethbridge,AB,68 Abell St,Nathan Gauthier,Spouse
412,Aasiyah Patel,F,38,CEA,1.5041095890410958,4,2499128.459,V6E 2E9,Vancouver,BC,63-71 Simcoe St,Mohammed Patel,Spouse
413,Madeleine Parr,F,41,ABB,1.4164383561643836,5,9920949.233,H4P 2H4,Mont-Royal,QC,219 Fort York Blvd,Ahmed Murphy,Sibling
414,Robert Burgess,M,27,Caliverse,0.5808219178082191,6,1958081.703,V3B 2X9,Port Moody,BC,10 Yonge St,Penelope Jones,Child
415,Nicholas Nolan,M,56,Rolls-Royce@NTU Corporate Lab,2.254794520547945,7,4354095.491,T6W 0X9,Edmonton,AB,55 Charles St W,,
416,Ava Wong,F,51,Jatis Solutions,1.3315068493150686,1,6315971.917,T9K 0P9,Fort McMurray,AB,120 Lombard St,Hassan Wong,Sibling
417,Sophia Wong,F,38,Nokia,3.589041095890411,2,50770122.61,T2Z 2G8,Calgary,AB,650 Queens Quay W,,
418,Valentina Oliveira,F,32,Microsoft,0.915068493150685,3,803781.173,J3H 4V4,Beloeil,QC,220 King St W,Camila Rodrigues,Child
419,Arjun MacKenzie,M,50,PT. Internux (BOLT - LTE Operator),0.7479452054794521,4,13127101.18,V5N 1S1,Vancouver,BC,197 Yonge St,Helena Alves,Sibling
420,Louis Dumas,M,47,Microsoft,0.2520547945205479,1,235036.4843,V3J 0E5,Coquitlam,BC,14 York St,,
421,Lisa Payne,F,56,Asian University for Women,0.5808219178082191,2,233521.446,J3Y 7T7,Brossard,QC,295 Adelaide St W,Luke Payne,Parent
422,Anthony Poole,M,32,Ministry of Transport & Communications,0.8328767123287671,3,21071733.8,L4K 4A5,Concord,ON,5 Mariner Terr,Wendy Poole,Sibling
423,Hasan Chen,M,62,Qatar Foundation,0.6684931506849315,4,112274101.6,V3N 3N3,Burnaby,BC,750 Bay St,Gavin Piper,Sibling
424,Tiago Barbosa,M,67,Adobe,0.1671232876712328,5,182469.1746,V9R 2A2,Nanaimo,BC,170 Spadina Ave,Cillian Martins,Spouse
425,Saif Ahmed,M,45,New York University Abu Dhabi,1.084931506849315,6,53690182.64,T1H 0A1,Lethbridge,AB,60 St Clair Ave E,Aarav Ahmed,Child
426,Elise Rochon,F,26,Microsoft,2.835616438356164,1,16965514.65,J6A 8J8,Terrebonne,QC,325 Bay St,Chiara Romano,Spouse
427,Inès Renard,F,41,Thomson Reuters Markets,5.498630136986302,2,313357266.6,T2P 0R3,Calgary,AB,22 Olive Ave,Leonard Springer,Sibling
428,Amelia Rodriguez,F,48,Colt Technology Services,0.336986301369863,3,428843.4089,V3L 1W4,New Westminster,BC,200 University Ave,James Rodriguez,Parent
429,Zain Leroy,M,45,PureAtria,3.0027397260273974,1,5948607.354,G4W 2B1,Sept-Îles,QC,311 Richmond St E,Rafaela Lima,Sibling
430,Leonard Springer,M,54,Rational Software,5.16986301369863,2,19719939.32,L5A 4G8,Mississauga,ON,77 Maitland Pl,Julian Avery,Spouse
431,Liam Patel,M,84,IBM,2.750684931506849,3,1302430.49,V6G 2E8,Vancouver,BC,1 Cordova Ave,Inaya Patel,Grandparent
432,Rayyan Kim,M,72,Microsoft,9.257534246575345,4,670525.8486,V3J 3T4,Coquitlam,BC,95 Bathurst St,Sayeed Kim,Parent
433,Ana Rosa,F,49,Jisc,2.506849315068493,1,2413896.283,J4Y 1J1,Brossard,QC,120 Peter St,Idris Singh,Sibling
434,Ava Nguyen,F,28,Microsoft,10.92054794520548,2,9291777.494,T2T 1G9,Calgary,AB,65 Harbour Sq,Zahra Nguyen,Child
435,Alessio Moretti,M,45,iconmobile group,3.164383561643836,3,2022281.184,V3H 1J4,Port Moody,BC,55 Mercer St,Olivier Dupont,Child
436,Ananya Wilson,F,52,Western Union Business Solutions,0.2465753424657534,1,553787.8868,J7V 5V5,Sainte-Thérèse,QC,300 Front St W,,
437,Samantha Mills,F,43,Registro civil Torrejon de Ardoz,0.084931506849315,1,674441.0114,V5Y 0H9,Vancouver,BC,88 Scott St,Anna Hill,Spouse
438,Isabela Souza,F,75,Avon,0.2520547945205479,2,8176687.868,L1V 2X9,Pickering,ON,225 Queen St W,,
439,Stephen Black,M,36,Microsoft,4.336986301369863,3,370778.8546,V5W 1X9,Vancouver,BC,60 Richmond St E,Alannah Rocha,Child
440,Stewart Gill,M,77,Diageo,0.084931506849315,1,9146613.273,T2J 5E9,Calgary,AB,24 Wellesley St W,Valentina Martinez,Parent
441,Rashid Ibrahim,M,70,Fishburn Hedges,0.1671232876712328,2,125713.2158,J4X 1E7,Boucherville,QC,25 Lower Simcoe St,Luca Rossi,Grandparent
442,Manon Pelletier,F,69,The Sauce Agency,0.9178082191780822,3,2022896.17,T3E 0H4,Calgary,AB,500 University Ave,Édouard Mercier,Parent
443,Anna Hill,F,43,RMIT University,1.082191780821918,4,9091210.376,J3H 0J6,Saint-Hyacinthe,QC,121 Eglinton Ave E,Joseph Watson,Child
444,Isabella Murphy,F,39,South East Water,0.3342465753424657,5,2202993.215,L5B 0G6,Mississauga,ON,47 Lower River St,Oliver Schuster,Spouse
445,Eimear Silva,F,42,IBM,3.835616438356164,6,1505355.405,V9N 9J8,Courtenay,BC,36 Lisgar St,Hugo Beaulieu,Sibling
446,Akira Gagnon,M,76,Microsoft Bing,0.1671232876712328,1,30366747.36,H4S 1W8,Saint-Laurent,QC,150 Dan Leckie Way,Mia Gagnon,Spouse
447,Wendy Poole,F,35,Microsoft,4.673972602739726,2,1517205.896,L5R 4E6,Mississauga,ON,50 Lynn Williams St,Anthony Poole,Sibling
448,James Ibrahim,M,54,Hanbit Media,0.915068493150685,3,6561088.005,V3J 3C3,Coquitlam,BC,255 Front St E,Maximilian Schäfer,Spouse
449,Sophia Hamilton,F,40,University of Technology Sydney,2.0027397260273974,1,3236178.555,H2J 2M7,Montréal,QC,11 Brunel Crt,Benjamin Campbell,Spouse
450,Amina Murphy,F,75,Agility Global Health Solutions,0.3342465753424657,2,652153.1479,V5K 2V7,Vancouver,BC,1030 King St W,,
451,Kareem Lavoie,M,44,Westpac,2.0876712328767124,3,7369695.237,T3G 0B3,Calgary,AB,140 Simcoe St,Zoya Dubois,Spouse
452,Yasmin Murphy,F,42,Ourway Event Management,1.4191780821917808,1,1694856.28,V3K 6T4,Coquitlam,BC,955 Bay St,,
453,Jiaxuan Tremblay,M,55,Federal Government,5.504109589041096,2,1120660.823,H7S 1N1,Laval,QC,101 St Clair Ave W,Benjamin Martel,Spouse
454,Joan Vance,F,66,K & H International School,2.0,3,362611.192,V5Z 0G3,Vancouver,BC,35 Hayden St,Isabella Ferreira,Sibling
455,Abigail Li,F,48,Indian School of Business,0.915068493150685,1,28253459.34,T1J 1G2,Lethbridge,AB,330 Richmond St W,Sania Li,Spouse
456,Lorenzo Ferrari,M,59,Mahindra Comviva,2.9178082191780823,2,53296633.37,V7G 2A5,North Vancouver,BC,123 Portland St,Jack McLean,Sibling
457,Rahul Johnson,M,46,Spread Tecnologia,5.342465753424658,1,352593.1653,J5R 6S4,Saint-Constant,QC,25 The West Mall,Olivia Johnson,Spouse
458,Maya Desjardins,F,66,Orange Business Services,1.83013698630137,2,3825770.737,V5K 0A1,Vancouver,BC,80 Front St E,Priya Desjardins,Spouse
459,Tariq Wilson,M,36,Katena Cloud Consulting,2.0876712328767124,3,3219633.196,T2N 1S6,Calgary,AB,69 Lynn Williams St,Michael Wilson,Child
460,Khaled Tremblay,M,70,Microsoft,2.92054794520548,1,189166560.2,V3E 3H7,Coquitlam,BC,30 Shore Breeze Dr,Ji-hoon Tremblay,Spouse
461,Emilia Carvalho,F,35,Aptara,6.668493150684932,2,119903.2603,H2N 2H9,Montréal,QC,10 Willison Sq,,
462,Helena Nunes,F,35,Caltech,0.6657534246575343,1,11681648.08,V5Z 2G9,Vancouver,BC,101 Charles St E,,
463,Pippa Gibson,F,56,AT&T Bell Laboratories,0.915068493150685,2,4454631.164,L4B 1E5,Richmond Hill,ON,33 Lombard St,Joanne Gibson,Parent
464,Amelia Gagnon,F,75,Sun Microsystems,1.2493150684931509,3,17141480.09,M3A 3N6,North York,ON,250 Jarvis St,Akio Gagnon,Spouse
465,Ethan Cheung,M,75,Microsoft,3.33972602739726,4,25264872.6,L6Y 0V9,Brampton,ON,62-68 Wellington St E,Zara Cheung,Parent
466,Andrew North,M,50,Facebook,3.92054794520548,5,1262136.465,M2K 3N3,North York,ON,98 Lillian St,Emily North,Sibling
467,Harry Knox,M,72,Volt Technical Resources,2.249315068493151,1,1200951.956,L6X 4V7,Brampton,ON,75 East Liberty St,Joe Knox,Sibling
468,Arjun Tremblay,M,76,Microsoft,2.249315068493151,2,227536.2338,M4S 3A3,Toronto,ON,2 River St,Chloé Tremblay,Sibling
469,Adam Grant,M,64,"TeleCommunication Systems, Inc.",11.597260273972603,3,12625605.8,L4K 4V8,Concord,ON,90 Sherbourne St,Zayd Rousseau,Sibling
470,Farah O'Connor,F,39,Deloitte Digital,2.164383561643836,4,12686524.31,M1H 2B1,Toronto,ON,200 St Clair Ave W,Anisa O'Connor,Sibling
471,Valentina Martinez,F,40,Microsoft,2.0876712328767124,1,1022643.631,L6R 1R1,Brampton,ON,55 Stewart St,Stewart Gill,Child
472,Ashok Tremblay,M,55,AOL International,3.835616438356164,2,125956843.3,M5R 1G8,Toronto,ON,200 Wellesley St E,Sophia Tremblay,Sibling
473,Elizabeth Scott,F,63,Millennium Software,0.915068493150685,1,2774958.099,L5B 0H8,Mississauga,ON,650 King St W,Laura Fernández,Spouse
474,Mia Gagnon,F,69,NetProfit Investment Technologies (dba Innovative Desktop Solutions),4.33972602739726,2,241794422.0,M6B 4L4,Toronto,ON,7 King St E,Harper Gagnon,Spouse
475,Molly Poole,F,50,Craftsman Book Company,6.504109589041096,3,672264.2455,L3T 7V8,Thornhill,ON,25 Maitland St,Mia Murphy,Spouse
476,Elodie Lavoie,F,58,Cardinal Health,0.1671232876712328,4,49854.5776,M5R 1J1,Toronto,ON,25 Telegram Mews,Mia Lavoie,Spouse
477,Zoé Girard,F,49,Axon,3.841095890410959,5,449909.0955,L5V 2H8,Mississauga,ON,255 Richmond St E,Chloé Girard,Sibling
478,Nasir Das,M,61,Purdue University,1.9972602739726024,1,2500424.671,M4N 2K6,Toronto,ON,21-23 Grenville St,Amelia Terry,Spouse
479,Bella Campbell,F,65,Qualcomm,0.2520547945205479,2,701600.5383,L4S 2T2,Richmond Hill,ON,75 The Donway W,,
480,Oliver MacKenzie,M,31,Microsoft,0.2520547945205479,3,5605897.632,M4M 2V7,Toronto,ON,151 Dan Leckie Way,Margot Poirier,Sibling
481,Penelope Pullman,F,59,Palantir,0.2520547945205479,4,5415846.772,L4W 4Z7,Mississauga,ON,36 Blue Jays Way,Lisa Bell,Spouse
482,Hugo Duval,M,46,Applied Research Labs,1.917808219178082,1,328587.8706,M6N 1K5,Toronto,ON,205 Frederick St,Clara Petit,Spouse
483,James Chen,M,29,Goldman Sachs,0.1671232876712328,2,13859605.51,L3T 7N3,Thornhill,ON,219 Fort York Blvd,Layla Chowdhury,Child
484,Gavin Piper,M,76,One Laptop Per Child,0.1671232876712328,3,604007.475,M6H 2G5,Toronto,ON,280 Wellesley St E,Victor Grenier,Parent
485,Zahra Leblanc,F,47,University of Cambridge,0.915068493150685,4,3068367.076,L3T 5H5,Markham,ON,215 Fort York Blvd,Isabella Leblanc,Sibling
486,Carolina Rodrigues,F,42,Microsoft,4.756164383561644,5,13592984.51,M2J 4T1,North York,ON,120 Harrison Garden Blvd,,
487,Sophia Chowdhury,F,48,Metso,3.673972602739726,1,6636436.238,L4B 1C7,Richmond Hill,ON,181 Davenport Rd,Anaya Chowdhury,Sibling
488,Emma Roy,F,61,Wicom Communications Ltd,5.753424657534247,2,39922046.64,M5J 2C4,Toronto,ON,10 Quebec Ave,Kareem Roy,Spouse
489,Charlotte Johnson,F,65,Nokia,8.841095890410958,3,2694039.019,L5L 1V1,Mississauga,ON,21 Hillcrest Ave,Benjamin Johnson,Parent
490,Juliette Giroux,F,59,Microsoft,2.419178082191781,4,36698005.47,M4Y 1K5,Toronto,ON,30 Canterbury Pl,Vanessa Harris,Spouse
491,Wendy Glover,F,46,University of Leeds,3.1726027397260275,1,12214053.27,L4C 6Y5,Richmond Hill,ON,75 St Nicholas St,,
492,Harper Gagnon,F,64,Dezineforce.com,3.0,2,412244579.6,M3B 3M3,North York,ON,27 Alexander St,Amina Gagnon,Spouse
493,Valentina Santos,F,65,Novell,6.2465753424657535,1,136885153.2,L6Y 2K2,Brampton,ON,80 Western Battery Rd,Alan Forsyth,Spouse
494,Clara Petit,F,33,Amadeus IT Group,10.169863013698633,1,352551.2163,M4S 1G4,Toronto,ON,2 Fieldway Rd,Hugo Duval,Spouse
495,Olivia Rousseau,F,22,Microsoft,4.589041095890411,2,17790903.26,L5W 1K8,Mississauga,ON,1 Valhalla Inn Rd,,
496,Dominic Hill,M,77,SuporTI,0.915068493150685,3,3972432.01,M6G 1M1,Toronto,ON,11 Charlotte St,Emily Rousseau,Parent
497,Kareem Ahmed,M,53,IBM,1.6684931506849314,4,6916440.469,L6R 2H2,Brampton,ON,20 John St,James Ahmed,Spouse
498,Emma Royer,F,65,Allserve Systems Corp,4.835616438356165,1,9344941.06,M2R 3N5,North York,ON,85 Queens Wharf Rd,Fatima Roy,Parent
499,Mathis Gagné,M,31,Sony Mobile Communications,5.668493150684932,2,11758099.72,L4J 8W8,Thornhill,ON,16 Yonge St,,
