,ID,company_name,n_previous_jobs,years_at_current_company,age,gender,name,person_2,relationship,net_worth,postal_code,city,province,street
0,0,TD,1,1.252054794520548,37,Male,Carol Walker,Wendy Poole,Parent,10000.0,K4M 1B4,Manotick,ON,3260 49th Ave
1,1,Light Up The World (LUTW),2,0.5808219178082191,37,Male,Stewart Gill,Carolyn Gill,Spouse,2655604.393,N5W 3R4,London,ON,1188 Georgia St W
2,2,Glacier,3,0.6657534246575343,37,Male,Thomas Churchill,Audrey Churchill,Parent,9793099.386,J0R 1B0,Saint-Adolphe-d'Howard,QC,7787 Keele St
3,3,Sprout App,4,0.336986301369863,37,Male,Simon Quinn,Grace Quinn,Sibling,684153.434,T9V 1K6,Lloydminster,AB,1419 Victoria Park Ave
4,4,College Pro,5,0.6684931506849315,37,Male,Bella Campbell,David Campbell,Child,10070838.46,V7G 1H6,North Vancouver,BC,4438 Rue Wellington
5,5,Microsoft,6,0.8328767123287671,37,Male,Harry Knox,Adrian Knox,Sibling,5243225.689,V1N 2Y2,Castlegar,BC,1796 Main St
6,6,TD,1,1.252054794520548,37,Male,Vanessa Harris,Tim Nash,Spouse,329116.4023,V4B 4C8,White Rock,BC,2713 Grafton St
7,7,Light Up The World (LUTW),2,0.5808219178082191,37,Male,Joanne Gibson,Pippa Gibson,Parent,71353846.98,H3J 2V5,Montréal,QC,3696 King George Blvd
8,8,Glacier,3,0.6657534246575343,37,Male,Nicholas Martin,Caroline Nolan,Sibling,409459.5238,K2J 2N5,Nepean,ON,1150 The Queensway
9,9,Sprout App,4,0.336986301369863,37,Male,Wendy Poole,Richard Butler,Spouse,3047156.169,T4J 1M9,Ponoka,AB,1510 Rue Notre-Dame O
10,10,College Pro,5,0.6684931506849315,37,Male,Rose Davies,Molly Poole,Child,3841438.751,V8P 3X9,Victoria,BC,832 Bay St #1704
11,11,Microsoft,6,0.8328767123287671,37,Male,Luke Graham,Joshua Graham,Parent,656789.1247,V6K 1K1,Vancouver,BC,260 Harbord St
12,12,Microsoft,1,3.9178082191780823,52,Male,Kimberly Scott,Elizabeth Scott,Sibling,7424733.791,L1K 1T3,Oshawa,ON,3925 17 Ave SE
13,13,SIG Consulting,2,3.0,52,Male,Adrian Knox,Heather Mills,Spouse,182200.5338,N5A 2S2,Stratford,ON,4210 Portage Ave
14,14,K3 Retail,3,7.668493150684932,52,Male,Ryan Hodges,Megan Hodges,Parent,3937381.554,G8B 5S5,Saguenay,QC,279 Laurier Ave W
15,15,Microsoft,1,3.9178082191780823,52,Male,Julian Avery,Dorothy Reid,Child,2381248.682,V9P 2H3,Parksville,BC,140 Eglinton Ave E
16,16,SIG Consulting,2,3.0,52,Male,Jake Vaughan,Madeleine Parr,Parent,544790.9056,V9R 1C1,Nanaimo,BC,5615 101 Ave NW
17,17,K3 Retail,3,7.668493150684932,52,Male,Adam Grant,Christian North,Sibling,17696700.21,L9G 3J9,Dundas,ON,3170 St Johns St
18,18,"Motech Industries, Inc. Solar BU",1,1.0767123287671232,28,Female,Lisa Bell,Michael MacDonald,Spouse,2115873.842,T1A 7K2,Medicine Hat,AB,365 5th Ave E
19,19,Microsoft,2,2.747945205479452,28,Female,Eric Russell,Wanda Russell,Sibling,642232.4154,H9B 2K9,Pointe-Claire,QC,1645 47th St NW
20,20,"Motech Industries, Inc. Solar BU",1,1.0767123287671232,28,Female,Anne May,Maria Murray,Child,16477542.78,L5E 1G4,Mississauga,ON,1415 Ellice Ave
21,21,Microsoft,2,2.747945205479452,28,Female,Pippa Rutherford,Trevor Rutherford,Spouse,16429614.0,H3Y 2Z1,Montréal,QC,14 Conlins Rd
22,22,Cytec Solvay Group,1,2.0,48,Female,David Nash,Tim Nash,Parent,31277537.88,T1K 1K1,Lethbridge,AB,12350 Pattullo Pl
23,23,DuPont,2,2.4986301369863013,48,Female,Caroline Butler,Richard Butler,Sibling,47527523.66,V6E 2E9,Vancouver,BC,1059 Mainland St
24,24,UnitedHealth Group,3,1.5835616438356164,48,Female,Anthony Poole,Lauren Poole,Spouse,15139954.55,H4P 2H4,Mont-Royal,QC,630 5 Ave SW
25,25,Ingersoll Rand,4,1.7534246575342465,48,Female,Sebastian Ellison,Simon Ellison,Sibling,120497.7465,V3B 2X9,Port Moody,BC,409 Granville St
26,26,Allianz,5,1.4986301369863013,48,Female,Anna Hill,Dominic Hill,Spouse,8298946.085,T6W 0X9,Edmonton,AB,333 Dunsmuir St
27,27,GE Capital,6,1.8356164383561644,48,Female,Anthony Henderson,Victor Henderson,Child,2990718.977,T9K 0P9,Fort McMurray,AB,385 Bloor St W
28,28,Microsoft,7,3.671232876712329,48,Female,Wanda Russell,Eric Russell,Spouse,12011305.89,T2Z 2G8,Calgary,AB,2000 Argentia Rd
29,29,Cytec Solvay Group,1,2.0,48,Female,Grace Quinn,Simon Quinn,Spouse,2347257.647,J3H 4V4,Beloeil,QC,101 Weston Rd
30,30,DuPont,2,2.4986301369863013,48,Female,Karen Mackenzie,Fiona MacLeod,Sibling,10168878.02,V5N 1S1,Vancouver,BC,1831 Portage Ave
31,31,UnitedHealth Group,3,1.5835616438356164,48,Female,Jasmine Hardacre,Lucas Hardacre,Child,10541411.33,V3J 0E5,Coquitlam,BC,5000 Dufferin St
32,32,Ingersoll Rand,4,1.7534246575342465,48,Female,Adrian Mills,Samantha Mills,Parent,11417546.34,J3Y 7T7,Brossard,QC,175 West Beaver Creek Rd
33,33,Allianz,5,1.4986301369863013,48,Female,Nicholas Nolan,Caroline Nolan,Sibling,1547101.082,L4K 4A5,Concord,ON,2323 McGill St
34,34,GE Capital,6,1.8356164383561644,48,Female,Andrew North,Christian North,Parent,104090646.7,V3N 3N3,Burnaby,BC,1559 Kingston Rd
35,35,Microsoft,7,3.671232876712329,48,Female,Dominic Hill,Anna Hill,Spouse,9281925.8,V9R 2A2,Nanaimo,BC,3701 West 4th Ave
36,36,One Click Life formerly JUST FSG,1,0.7561643835616438,37,Male,Rebecca Simpson,Olivia Simpson,Child,254464.1939,T1H 0A1,Lethbridge,AB,1074 Wellington St W
37,37,One Click Life formerly JUST FSG,1,0.7561643835616438,37,Male,Robert Burgess,Phil Burgess,Sibling,7363331.448,J6A 8J8,Terrebonne,QC,4567 Dixie Rd
38,38,Google,1,0.915068493150685,46,Male,Richard Butler,Wendy Poole,Spouse,94901469.0,T2P 0R3,Calgary,AB,825 Victoria St N
39,39,Microsoft,2,4.917808219178082,46,Male,Ian Lee,Christopher Lee,Sibling,5971560.83,V3L 1W4,New Westminster,BC,1001 Fleet St
40,40,Google,1,0.915068493150685,46,Male,Amanda Sanderson,Penelope Sanderson,Parent,1250825.103,G4W 2B1,Sept-Îles,QC,2077 Avenue Rd
41,41,Microsoft,2,4.917808219178082,46,Male,Lauren Allan,Lauren Kerr,Child,160547.1107,L5A 4G8,Mississauga,ON,850 Steeles Ave W
42,42,Office Depot,1,0.915068493150685,35,Male,Trevor Wallace,Wendy Edmunds,Spouse,7387752.9,V6G 2E8,Vancouver,BC,555 University Ave
43,43,Transaction Equipment Corp,2,0.8328767123287671,35,Male,Zoe Wallace,Trevor Wallace,Parent,104913.2497,V3J 3T4,Coquitlam,BC,8770 Jane St
44,44,Microsoft,3,2.16986301369863,35,Male,Carolyn Gill,Stewart Gill,Spouse,969223.7887,J4Y 1J1,Brossard,QC,1016 Saint Clair Ave W
45,45,Office Depot,1,0.915068493150685,35,Male,Joseph Watson,David Watson,Parent,292796.9257,T2T 1G9,Calgary,AB,68 Wellesley St E
46,46,Transaction Equipment Corp,2,0.8328767123287671,35,Male,Nicola Randall,Audrey Churchill,Child,20541335.44,V3H 1J4,Port Moody,BC,42 Lawrence Ave W
47,47,Microsoft,3,2.16986301369863,35,Male,Joan Vance,Felicity Vance,Sibling,4701652.276,J7V 5V5,Sainte-Thérèse,QC,2984 Dunmore Rd SE
48,48,CMather Web Development,1,0.9178082191780822,37,Male,Lisa Payne,Liam Payne,Sibling,147318168.0,V5Y 0H9,Vancouver,BC,7 11th Ave SW
49,49,Mayne Pharma,2,2.915068493150685,37,Male,Penelope Pullman,Sebastian Powell,Child,1172991.355,L1V 2X9,Pickering,ON,1290 Broad St
50,50,Microsoft,3,0.915068493150685,37,Male,Ian Dickens,Dorothy Reid,Sibling,13548317.84,V5W 1X9,Vancouver,BC,344 1 Ave NE
51,51,Bendigo and Adelaide Bank,4,1.917808219178082,37,Male,John MacLeod,Wanda MacLeod,Spouse,62726061.71,T2J 5E9,Calgary,AB,1850 Commercial Dr
52,52,BHP,5,0.9178082191780822,37,Male,Jack McLean,Austin McLean,Sibling,15185912.62,J4X 1E7,Boucherville,QC,1277 3rd Ave
53,53,Australia Post,6,1.917808219178082,37,Male,Amelia Terry,Gordon Terry,Parent,17495624.34,T3E 0H4,Calgary,AB,102-224 Banff Ave
54,54,CMather Web Development,1,0.9178082191780822,37,Male,Penelope Jones,Victor Allan,Child,17627108.57,J3H 0J6,Saint-Hyacinthe,QC,2345 Eglinton Ave E
55,55,Mayne Pharma,2,2.915068493150685,37,Male,Carol Abraham,Paul Abraham,Spouse,56988023.2,L5B 0G6,Mississauga,ON,1615 Bathurst St
56,56,Microsoft,3,0.915068493150685,37,Male,Joe Clarkson,Donna Clarkson,Child,3661266.395,V9N 9J8,Courtenay,BC,2575 Danforth Ave
57,57,Bendigo and Adelaide Bank,4,1.917808219178082,37,Male,Heather Mills,Adrian Knox,Spouse,8552777.229,H4S 1W8,Saint-Laurent,QC,7205 Goreway Dr
58,58,BHP,5,0.9178082191780822,37,Male,Leonard Springer,Victor Springer,Parent,190572.0223,L5R 4E6,Mississauga,ON,1550 York Ave
59,59,Australia Post,6,1.917808219178082,37,Male,Pippa Gibson,Leah Lambert,Child,21344120.74,V3J 3C3,Coquitlam,BC,310 Rue Sainte-Catherine E
60,60,GE Capital,1,1.4136986301369863,43,Male,Luke Lambert,Frank Lambert,Sibling,11468994.76,H2J 2M7,Montréal,QC,302 Queen St E
61,61,IBISWorld,2,3.8383561643835615,43,Male,Lauren Poole,Anthony Poole,Spouse,173274.6992,V5K 2V7,Vancouver,BC,2675 St Clair Ave E
62,62,Kinetic Super,3,3.0876712328767124,43,Male,Penelope Harris,Megan Hodges,Child,465240.7427,T3G 0B3,Calgary,AB,1760 Eglinton Ave W
63,63,Capability Network,4,1.0,43,Male,Frank Mitchell,Michael Mitchell,Sibling,1097199.414,V3K 6T4,Coquitlam,BC,7100 Woodbine Ave
64,64,Aristocrat,5,0.6712328767123288,43,Male,Caroline Edmunds,Wendy Edmunds,Parent,4683934.881,H7S 1N1,Laval,QC,102-1220 2 Ave S
65,65,GE Capital,1,1.4136986301369863,43,Male,Alan Forsyth,Anthony Forsyth,Sibling,573802.2606,V5Z 0G3,Vancouver,BC,701 W Georgia St
66,66,IBISWorld,2,3.8383561643835615,43,Male,Wendy Glover,Lauren Kerr,Child,268252084.9,T1J 1G2,Lethbridge,AB,4321 Dominion St
67,67,Kinetic Super,3,3.0876712328767124,43,Male,Tim Nash,Vanessa Harris,Spouse,14424120.34,V7G 2A5,North Vancouver,BC,197 Spadina Ave
68,68,Capability Network,4,1.0,43,Male,Keith McDonald,Isaac McDonald,Parent,22749349.22,J5R 6S4,Saint-Constant,QC,444 Yonge St
69,69,Aristocrat,5,0.6712328767123288,43,Male,Diane Stewart,Elizabeth Scott,Sibling,8735891.124,V5K 0A1,Vancouver,BC,483 Bay St
70,70,GU2 Radio,1,0.6657534246575343,36,Male,Joanne Hughes,Hannah Hughes,Parent,3215496.457,T2N 1S6,Calgary,AB,2301 McCowan Rd
71,71,Microsoft,2,0.8328767123287671,36,Male,Samantha Mills,Adrian Mills,Spouse,47785632.68,V3E 3H7,Coquitlam,BC,10 Lower Spadina Ave
72,72,Lionhead Studios,3,0.16986301369863013,36,Male,Wendy Edmunds,Richard Butler,Spouse,19983318.36,H2N 2H9,Montréal,QC,175 Bloor St E
73,73,Intandem Solutions Limited,4,0.4191780821917808,36,Male,Trevor Wallace,Fiona Walsh,Siblings,2189504.622,V5Z 2G9,Vancouver,BC,2059 Carling Ave
74,74,GU2 Radio,1,0.6657534246575343,36,Male,Zoe Wallace,Luke Berry,Spouse,32264977.11,T3H 0X8,Calgary,AB,7397 137 St
75,75,Microsoft,2,0.8328767123287671,36,Male,Lisa Payne,Keith McDonald,Siblings,186523705.5,V6Z 2X7,Vancouver,BC,25 York St
76,76,Lionhead Studios,3,0.16986301369863013,36,Male,Andrew North,Gabrielle Langdon,Parent/child,119278459.6,T6M 0A8,Edmonton,AB,151 Front St W
77,77,Intandem Solutions Limited,4,0.4191780821917808,36,Male,Diane Stewart,Joanne Hughes,Spouse,2086473.178,V7K 1A7,North Vancouver,BC,2150 Lawrence Ave E
78,78,IBM,1,2.835616438356164,50,Male,Joe Knox,Felicity Vance,Parent/child,17013494.85,V5R 6J9,Vancouver,BC,2491 Weston Rd
79,79,KPMG US,2,2.0027397260273974,50,Male,Megan Roberts,Audrey Churchill,Siblings,1135542.804,J3X 1S1,La Prairie,QC,355 Wellington St
80,80,Deloitte,3,1.747945205479452,50,Male,Sally Manning,Austin McLean,Spouse,851183.0453,V5N 4G6,Vancouver,BC,88 Queens Quay W
81,81,Rapidigm,4,3.750684931506849,50,Male,Colin Sharp,Yvonne Kelly,Spouse,13884362.5,T6W 1L9,Edmonton,AB,394 Queen St W
82,82,Domin-8 Enterprise Solutions,5,3.0794520547945203,50,Male,William Simpson,Hannah McGrath,Parent/child,38097164.3,V5K 0A2,Vancouver,BC,20 Maud St
83,83,Microsoft,6,4.583561643835616,50,Male,Angela Watson,Christopher Lee,Siblings,20828.64517,H3C 3P8,Montréal,QC,1600 Major Mackenzie Dr W
84,84,Mapp Digital,7,0.6657534246575343,50,Male,Fiona MacLeod,Christopher Lawrence,Spouse,3739359.434,V5K 4L4,Vancouver,BC,300 Earl Grey Dr
85,85,IBM,1,2.835616438356164,50,Male,Emily North,Angela Robertson,Parent/child,470676.1871,T2K 4G4,Calgary,AB,555 Rexdale Blvd
86,86,KPMG US,2,2.0027397260273974,50,Male,Stephen Black,Wanda MacLeod,Siblings,2072822.486,V3K 5X9,Coquitlam,BC,3227 176 St
87,87,Deloitte,3,1.747945205479452,50,Male,Molly Poole,Victor Allan,Parent/child,109230319.1,E1C 9M4,Moncton,NB,2275 Bayview Ave
88,88,Rapidigm,4,3.750684931506849,50,Male,Gavin Piper,Abigail Walsh,Siblings,301914.7085,N2G 2S7,Kitchener,ON,2510 Hurontario St
89,89,Domin-8 Enterprise Solutions,5,3.0794520547945203,50,Male,Dorothy Reid,Samantha Oliver,Siblings,639473.2501,L4H 4N6,Woodbridge,ON,200 Wellington St W
90,90,Microsoft,6,4.583561643835616,50,Male,Lucas Hardacre,Anna Parkinson,Spouse,90842390.47,N2V 2C2,Waterloo,ON,1303 Saint Catherine St E
91,91,Mapp Digital,7,0.6657534246575343,50,Male,Felix Turner,Olivia Simpson,Parent/child,6471411.128,E3A 3A1,Fredericton,NB,1921 Eglinton Ave E
92,92,"SIA, Sistemas Inform·ticos Abiertos, S.A.",1,1.915068493150685,46,Male,Karen Mackenzie,Anthony Poole,Siblings,50661461.68,B2Y 2K8,Dartmouth,NS,4500 Sheppard Ave E
93,93,Sybari Software,2,2.4164383561643836,46,Male,Pippa Rutherford,Leonard Bond,Spouse,6893165.34,L5N 8J8,Mississauga,ON,3030 Conroy Rd
94,94,"SIA, Sistemas Inform·ticos Abiertos, S.A.",1,1.915068493150685,46,Male,Jason Fisher,Leon Taylor,Siblings,116551431.5,E3B 8J3,Fredericton,NB,3900 Steeles Ave W
95,95,Sybari Software,2,2.4164383561643836,46,Male,Jane Walker,Megan Wilkins,Spouse,20630978.51,B3S 1N4,Halifax,NS,1808 Wellington Ave
96,96,"RedWorks, Inc.",1,0.5835616438356165,30,Female,Rose Powell,Michael MacDonald,Spouse,42687.62981,N1T 1T6,Guelph,ON,1792 Boulevard Talbot
97,97,Neo@Ogilvy,2,1.0,30,Female,Lily Kerr,Colin Sharp,Parent/child,6758231.177,L1H 1J8,Oshawa,ON,4077 Confederation Pkwy
98,98,rVue,3,0.16712328767123288,30,Female,Madeleine Parr,Jennifer Underwood,Parent/child,525340.4995,B4C 1A6,Lower Sackville,NS,1600 Cook St
99,99,"RedWorks, Inc.",1,0.5835616438356165,30,Female,Michelle Lambert,Luke Morrison,Siblings,6697951.24,E2S 1N3,Saint John,NB,1414 8 Ave NW
100,100,Neo@Ogilvy,2,1.0,30,Female,Natalie Reid,Charles Mathis,Spouse,14408317.73,L8W 3R6,Hamilton,ON,17710 104 Ave NW
101,101,rVue,3,0.16712328767123288,30,Female,Elizabeth Scott,Benjamin Ball,Parent/child,40194638.6,B2W 6K6,Dartmouth,NS,110 9th Ave SW
102,102,Microsoft,1,0.1643835616438356,42,Male,Felicity Stewart,William Simpson,Spouse,2027836.337,L1V 6C5,Pickering,ON,393 Portage Ave
103,103,Microsoft,1,0.1643835616438356,42,Male,Angela Robertson,Nathan Hunter,Spouse,2959068.239,B3H 2B5,Halifax,NS,1991 Lawrence Ave E
104,104,Microsoft,1,0.6684931506849315,41,Male,Christopher Lee,Fiona MacLeod,Parent/child,3015807.674,L5A 2Z5,Mississauga,ON,5411 Yonge St
105,105,Microsoft,1,0.6684931506849315,41,Male,Wendy Edmunds,Gordon Terry,Parent/child,570974.5737,N6E 1T9,London,ON,77 James St N
106,106,Norton Rose Fulbright,1,3.9178082191780823,54,Male,Diane Rutherford,Colin Sharp,Spouse,7072040.774,B2X 3C3,Dartmouth,NS,1900 Sheppard Ave E
107,107,King & Wood Mallesons,2,1.915068493150685,54,Male,Sean Kelly,Lucy Kelly,Siblings,89566886.92,L6M 0M9,Oakville,ON,901 9th Ave SE
108,108,Garfield Robbins International,3,2.9178082191780823,54,Male,Rose Powell,Victor Lambert,Parent/child,52869.70991,B3K 3P3,Halifax,NS,2865 Don Mills Rd
109,109,Manchester 2002 Commonwealth Games,4,1.915068493150685,54,Male,Anna Parkinson,Felix Turner,Parent/child,53880929.98,N2J 4S4,Cambridge,ON,2835 Pembina Hwy
110,110,United Utilities,5,1.915068493150685,54,Male,Oliver MacLeod,Leah Howard,Spouse,20662.89945,L6S 4S7,Brampton,ON,369 Glebeholme Blvd
111,111,Aristocrat,6,2.9178082191780823,54,Male,Caroline Nolan,Peter Walker,Parent/child,9632093.563,B3M 3Y7,Halifax,NS,2627 Portage Ave
112,112,Vodafone,7,2.084931506849315,54,Male,Luke Payne,Elizabeth Scott,Spouse,1586973.301,L1V 3W8,Pickering,ON,8500 Torbram Rd
113,113,Hays,8,8.841095890410958,54,Male,Samantha Oliver,Lucas Hardacre,Parent/child,5771872.279,B1P 1C8,Sydney,NS,1966 Scott St
114,114,Norton Rose Fulbright,1,3.9178082191780823,54,Male,Dorothy Reid,Abigail Walsh,Parent/child,1348082.517,L1W 3W5,Pickering,ON,3050 Yonge St
115,115,King & Wood Mallesons,2,1.915068493150685,54,Male,Victor Allan,Molly Poole,Spouse,12061560.58,N6B 1V7,London,ON,1837 Eglinton Ave W
116,116,Garfield Robbins International,3,2.9178082191780823,54,Male,Austin McLean,Sally Manning,Siblings,53973314.51,B4B 1T2,Truro,NS,1409 Windermere Rd
117,117,Manchester 2002 Commonwealth Games,4,1.915068493150685,54,Male,Gabrielle Langdon,Stephen Black,Parent/child,4757136.379,N1R 6C3,Cambridge,ON,324 Wyecroft Rd
118,118,United Utilities,5,1.915068493150685,54,Male,Yvonne Kelly,Colin Sharp,Spouse,19242612.95,L1R 3B5,Oshawa,ON,636 Finch Ave E
119,119,Aristocrat,6,2.9178082191780823,54,Male,William Simpson,Felicity Stewart,Parent/child,67040123.77,B2Y 3L1,Dartmouth,NS,1828 Albion Rd
120,120,Vodafone,7,2.084931506849315,54,Male,Hannah McGrath,Michael MacDonald,Siblings,26551854.33,N5V 1M1,London,ON,450 Bayly St W
121,121,Hays,8,8.841095890410958,54,Male,Christopher Lee,Angela Robertson,Spouse,15181862.87,B3J 1G5,Halifax,NS,2480 Cawthra Rd
122,122,LG Soft India,1,4.920547945205479,25,Male,Charles Mathis,Natalie Reid,Parent/child,2649173.555,L5V 1H1,Mississauga,ON,33 King St E
123,123,LG CNS India,2,2.4164383561643836,25,Male,Benjamin Ball,Elizabeth Scott,Siblings,1309398.261,B2S 2T6,Truro,NS,2095 Topsail Rd
124,124,Microsoft,3,9.512328767123288,25,Male,Jennifer Underwood,Madeleine Parr,Siblings,74603.56715,N6C 3Y7,London,ON,388 Carlaw Ave
125,125,LG Soft India,1,4.920547945205479,25,Male,Nathan Hunter,Angela Robertson,Parent/child,917219.8445,B2S 1S6,Truro,NS,4777 Elgin Ave
126,126,LG CNS India,2,2.4164383561643836,25,Male,Anthony,,,12711267.58,L4J 7J3,Thornhill,ON,1600 Michael St
127,127,Microsoft,3,9.512328767123288,25,Male,Yvonne,,,6477992.261,B3M 3K2,Halifax,NS,240 Carlton St
128,128,GE,1,5.005479452054795,23,Male,Dominic,,,1656398.447,L1T 4W5,Oshawa,ON,207-2121 39 Ave NE
129,129,Microsoft,2,13.01095890410959,23,Male,Leonard,,,33266780.31,B2W 6L9,Dartmouth,NS,416 7 Ave SW
130,130,GE,1,5.005479452054795,23,Male,Anthony,,,16253564.69,N5Z 1Z9,London,ON,4010 50 St
131,131,Microsoft,2,13.01095890410959,23,Male,Jonathan,,,414769126.5,B3K 3J6,Halifax,NS,432 11 Ave SE
132,132,NASSCOM,1,0.5041095890410959,40,Male,Leah,,,11556331.2,L4J 7T4,Thornhill,ON,1540 Bloor St W
133,133,People10 Technologies Inc.,2,0.915068493150685,40,Male,Joan,,,1709543.933,N6B 2N4,London,ON,2337 West Mall
134,134,Microsoft,3,0.5808219178082191,40,Male,Diana,,,12046739.6,L1N 1L9,Whitby,ON,195 Carlaw Ave
135,135,NASSCOM,1,0.5041095890410959,40,Male,Nathan,,,11409609.79,B2V 1H1,Lower Sackville,NS,2053 Avenue Rd
136,136,People10 Technologies Inc.,2,0.915068493150685,40,Male,Kylie,,,199005.9067,N5X 2Z9,London,ON,1997 Weston Rd
137,137,Microsoft,3,0.5808219178082191,40,Male,Jason,,,1586144.587,L5G 3E9,Mississauga,ON,50 Gerrard St E
138,138,Microsoft,1,7.336986301369863,45,Male,Sally,,,6973394.439,B2Y 3A3,Dartmouth,NS,2280 Dundas St W
139,139,EXCEED IT Services & Training,2,0.9178082191780822,45,Male,Blake,,,918626.5805,L1S 4G8,Oshawa,ON,1171 Kingston Rd
140,140,Adobe,3,1.0,45,Male,Matt,,,35408337.44,N2E 2E2,Kitchener,ON,417 Wellington St W
141,141,CitiXsys - iVend Retail,4,3.9178082191780823,45,Male,Penelope,,,2789447.381,B2W 5G5,Dartmouth,NS,301 Front St W
142,142,Microsoft,1,7.336986301369863,45,Male,Madeleine,,,243253.7715,L1T 0G1,Oshawa,ON,214-1016 5 Ave SW
143,143,EXCEED IT Services & Training,2,0.9178082191780822,45,Male,Melanie,,,92916.16418,B3M 1V7,Halifax,NS,1330 Danforth Ave
144,144,Adobe,3,1.0,45,Male,Wanda,,,6110178.269,N6J 1G2,London,ON,650 King St E
145,145,CitiXsys - iVend Retail,4,3.9178082191780823,45,Male,Christopher,,,1334068.305,L3P 3H9,Markham,ON,374 Huron St
146,146,Nokia,1,45.276712328767125,69,Male,David,,,2896908.898,B4A 4J8,Dartmouth,NS,1315 Lawrence Ave E
147,147,Microsoft,2,1.4191780821917808,69,Male,Liam,,,14292872.69,N5Y 3W7,London,ON,4455 17 Ave SE
148,148,Nokia,1,45.276712328767125,69,Male,Thomas,,,13844611.21,B3R 2H7,Halifax,NS,340-11400 27 St SE
149,149,Microsoft,2,1.4191780821917808,69,Male,Lily,,,627400.6307,L3T 7P9,Thornhill,ON,1200 37 St SW
150,150,Dassault SystËmes 3DEXCITE,1,0.9178082191780822,50,Male,Hannah,,,42096608.39,B2W 4S6,Dartmouth,NS,1669 Bloor St W
151,151,FH O÷ Forschung & Entwicklung GmbH,2,2.835616438356164,50,Male,Sally,,,813024.6914,L9T 2Z9,Milton,ON,4279 Sheppard Ave E
152,152,Microsoft,3,0.25205479452054796,50,Male,Jack,,,9989773.384,A2V 2C8,Stephenville,NL,17780 Yonge St
153,153,"Interactive & Digital Media Institute, National University of Singapore",4,0.4191780821917808,50,Male,Vanessa,,,2887968.957,R5R 0A9,Winnipeg,MB,3050 Lake Shore Blvd W
154,154,Dassault SystËmes 3DEXCITE,1,0.9178082191780822,50,Male,Gabrielle,,,4126117.537,S0L 1K0,Kindersley,SK,1550 South Gateway Rd
155,155,FH O÷ Forschung & Entwicklung GmbH,2,2.835616438356164,50,Male,Hannah,,,44721463.93,R3Y 1E1,Winnipeg,MB,40 Bay St
156,156,Microsoft,3,0.25205479452054796,50,Male,Ryan,,,3594232.337,A2H 2Y3,Corner Brook,NL,1 Applewood Cres
157,157,"Interactive & Digital Media Institute, National University of Singapore",4,0.4191780821917808,50,Male,Audrey,,,2460905.584,S4P 4S7,Regina,SK,299 Queen St W
158,158,"Sunera Technologies, Inc. (SuneraTech)",1,2.9178082191780823,26,Male,Benjamin,,,4544266.703,R2P 2V7,Winnipeg,MB,33 Yonge St
159,159,Microsoft,2,1.2465753424657535,26,Male,Jane,,,808197.8716,S4T 7R7,Regina,SK,71 Parliament St
160,160,"Sunera Technologies, Inc. (SuneraTech)",1,2.9178082191780823,26,Male,Megan,,,8386959.808,R3N 1J8,Winnipeg,MB,97 Front St E
161,161,Microsoft,2,1.2465753424657535,26,Male,Alison,,,2070539.451,S7J 1J6,Saskatoon,SK,363 King St E
162,162,IBM,1,4.673972602739726,40,Male,Charles,,,3549981.134,R3C 3Z3,Winnipeg,MB,37 Queen St E
163,163,IBM,1,4.673972602739726,40,Male,Austin,,,36869719.21,S4R 1X9,Regina,SK,255 Duncan Mill Rd
164,164,Partner Development Centre Asia Pacific,1,2.0876712328767124,52,Female,Colin,,,13634186.85,S4T 1S1,Regina,SK,53 Church St
165,165,Carpe Diem Consulting,2,5.758904109589041,52,Female,Jessica,,,1073850.962,R3X 1M8,Winnipeg,MB,133 Redpath Ave
166,166,Partner Development Centre Asia Pacific,1,2.0876712328767124,52,Female,Christopher,,,17306396.35,S4S 0W7,Regina,SK,163 Queen St E
167,167,Carpe Diem Consulting,2,5.758904109589041,52,Female,Sally,,,161464.0169,R2C 5C5,Winnipeg,MB,2238 41 Ave NE
168,168,PwC Consulting,1,0.6657534246575343,59,Male,Maria,,,735875.5147,S7W 0K6,Saskatoon,SK,1200 Bay St
169,169,Maersk Data,2,0.16712328767123288,59,Male,Rose,,,2527882.849,R2H 0T2,Winnipeg,MB,3605 Victoria Park Ave
170,170,Ramboll,3,5.331506849315068,59,Male,Jane,,,359508.824,S4S 4Y7,Regina,SK,2550 Goldenridge Rd
171,171,NNIT,4,1.336986301369863,59,Male,William,,,32785550.36,S7K 3Y3,Saskatoon,SK,4040 Creditview Rd
172,172,Microsoft,5,5.087671232876712,59,Male,Alison,,,72694062.14,R3R 3H5,Winnipeg,MB,10 York Mills Rd
173,173,Self Employed Independent Peoplesoft Consultant,6,1.4191780821917808,59,Male,Grace,,,867583.2716,S4T 1N1,Regina,SK,900 Don Mills Rd
174,174,PwC Consulting,1,0.6657534246575343,59,Male,Leah,,,30170985.03,R3T 3V3,Winnipeg,MB,2045 Kennedy Rd
175,175,Maersk Data,2,0.16712328767123288,59,Male,Michelle,,,386526.5024,S7T 0P1,Saskatoon,SK,1200 St Laurent Blvd
176,176,Ramboll,3,5.331506849315068,59,Male,Angela,,,314621.8761,S4S 5A6,Regina,SK,1384-1396 14th Ave
177,177,NNIT,4,1.336986301369863,59,Male,Peter,,,1109341.832,R2L 0J2,Winnipeg,MB,26 Peel Centre Dr
178,178,Microsoft,5,5.087671232876712,59,Male,Victor,,,3550072.638,S4R 6R4,Regina,SK,75 York Mills Rd
179,179,Self Employed Independent Peoplesoft Consultant,6,1.4191780821917808,59,Male,Megan,,,39011365.78,S7L 0C8,Saskatoon,SK,100 Consilium Pl
180,180,KOMPAN A/S,1,7.594520547945206,51,Male,Natalie,,,247721297.2,R2G 0T1,Winnipeg,MB,1 Concorde Gate
181,181,LM Wind Power,2,1.673972602739726,51,Male,Luke,,,1224190.701,S7W 0N3,Saskatoon,SK,305 Eglinton Ave W
182,182,Arla Foods,3,3.0,51,Male,Tracey,,,225919.2992,R2Y 1M9,Winnipeg,MB,5255 Yonge St
183,183,GRUNDFOS,4,2.0027397260273974,51,Male,Olivia,,,3943753.428,S4R 1Y1,Regina,SK,320 Bay St
184,184,Change Agents Worldwide,5,0.25205479452054796,51,Male,Alison,,,1146381.381,S7K 3J7,Saskatoon,SK,55 University Ave
185,185,"Yammer, Inc.",6,0.410958904109589,51,Male,Gordon,,,92182.0845,R3Y 0L7,Winnipeg,MB,40-70 Sheppard Ave E
186,186,KOMPAN A/S,1,7.594520547945206,51,Male,Donna,,,596498.5982,S7L 7L6,Saskatoon,SK,333 Bay St
187,187,LM Wind Power,2,1.673972602739726,51,Male,Elizabeth,,,877640.4755,R3M 3R6,Winnipeg,MB,2495 Lawrence Ave E
188,188,Arla Foods,3,3.0,51,Male,Michael,,,365918.0728,S4P 0P7,Regina,SK,141 Bay St
189,189,GRUNDFOS,4,2.0027397260273974,51,Male,Luke,,,248208.4441,S4T 7S2,Regina,SK,2300 Yonge St
190,190,Change Agents Worldwide,5,0.25205479452054796,51,Male,Felicity,,,29850236.98,R2X 1R1,Winnipeg,MB,144-2080 Lawrence Ave E
191,191,"Yammer, Inc.",6,0.410958904109589,51,Male,Angela,,,762302.7003,S7K 1M8,Saskatoon,SK,245 Consumers Rd
192,192,Espire Infolabs,1,2.4164383561643836,39,Male,Christopher,,,2693027.3,S4T 2S1,Regina,SK,2512 Finch Ave W
193,193,NexGEN Consultancy Pvt Ltd,2,1.5041095890410958,39,Male,Fiona,,,11400491.1,R2K 4A1,Winnipeg,MB,61 Yorkville Ave
194,194,Espire Infolabs,1,2.4164383561643836,39,Male,Wendy,,,4995326.979,S7L 3V3,Saskatoon,SK,68 Broadview Ave
195,195,NexGEN Consultancy Pvt Ltd,2,1.5041095890410958,39,Male,Emily,,,274297618.8,R2J 2C3,Winnipeg,MB,173 Mountjoy St S
196,196,Hewlett Packard Enterprise,1,2.915068493150685,36,Male,Stewart,,,2137212.707,S4S 4G1,Regina,SK,201 Queens Quay W
197,197,Microsoft,2,3.9178082191780823,36,Male,Sonia,,,2959353.789,S7M 0A1,Saskatoon,SK,47 Sheppard Ave E
198,198,Boeing,3,3.9178082191780823,36,Male,Stephen,,,12072674.45,R2M 4J4,Winnipeg,MB,50 Eglinton Ave E
199,199,Hewlett Packard Enterprise,1,2.915068493150685,36,Male,Sean,,,56671151.97,S4P 3Y2,Regina,SK,3 Bridle Rd
200,200,Microsoft,2,3.9178082191780823,36,Male,Molly,,,4554059.131,S7K 2Y6,Saskatoon,SK,16 Laird Dr
201,201,Boeing,3,3.9178082191780823,36,Male,David,,,13638068.29,R3J 0Z6,Winnipeg,MB,122 Leila Ave
202,202,Top Juice,1,0.2465753424657534,37,Female,Gavin,,,48146392.74,S7L 6G8,Saskatoon,SK,80 Richmond St W
203,203,Pre-Uni New College,2,2.8328767123287673,37,Female,Sebastian,,,564080.2861,S4S 5W5,Regina,SK,37 Grosvenor St
204,204,North Shore Coaching College,3,0.4958904109589041,37,Female,Heather,,,56013953.65,R3E 2W3,Winnipeg,MB,4894 Dundas St W
205,205,Top Juice,1,0.2465753424657534,37,Female,Elizabeth,,,2139828.586,S4S 3G3,Regina,SK,30 Main St N
206,206,Pre-Uni New College,2,2.8328767123287673,37,Female,Victor,,,1276037.395,S4S 4G2,Regina,SK,39 Bronte Rd
207,207,North Shore Coaching College,3,0.4958904109589041,37,Female,Lauren,,,3673343.42,R3T 3G3,Winnipeg,MB,2040 Bathurst St
208,208,Blue Titan Software,1,5.002739726027397,42,Male,Diane,,,238347.4341,S4S 2S4,Regina,SK,3265 W Broadway
209,209,Blue Titan Software,1,5.002739726027397,42,Male,Abigail,,,372879.5398,S7H 3A3,Saskatoon,SK,101 Station Landing
210,210,Quick Knowledge,1,0.4136986301369863,49,Male,Samantha,,,47282940.79,R2V 1Y6,Winnipeg,MB,1980 Yonge St
211,211,Tynan Mackenzie,2,0.4191780821917808,49,Male,Dorothy,,,18763894.49,S4S 6B7,Regina,SK,1000 Murray Ross Pkwy
212,212,Microsoft,3,0.16164383561643836,49,Male,Lucas,,,436710.3484,S4S 6B6,Regina,SK,925 Rathburn Rd E
213,213,Quick Knowledge,1,0.4136986301369863,49,Male,Anna,,,285292.3073,R3M 1K7,Winnipeg,MB,1300 King St E
214,214,Tynan Mackenzie,2,0.4191780821917808,49,Male,Sophie,,,859234.422,S7K 2W8,Saskatoon,SK,635 8 Ave SW
215,215,Microsoft,3,0.16164383561643836,49,Male,Oliver,,,64679469.12,S4S 4H4,Regina,SK,3421 Dufferin St
216,216,Microsoft,1,0.0,47,Male,Wendy,,,13382251.86,S7H 4K4,Saskatoon,SK,111 Lombard Ave
217,217,Capgemini,2,1.747945205479452,47,Male,Elizabeth,,,504699.5473,M5B 1V7,Toronto,ON,2933 Main St
218,218,Microsoft,1,0.0,47,Male,Jake,,,5100640.636,L5J 1A7,Mississauga,ON,276 Carlaw Ave
219,219,Capgemini,2,1.747945205479452,47,Male,Leonard,,,5428756.549,M9P 3T7,Toronto,ON,380 Wellington St
220,220,Janssen Inc.,1,2.4986301369863013,40,Female,Blake,,,2983900.111,L4C 0K3,Richmond Hill,ON,200 Victoria St
221,221,King Pharmaceuticals,2,5.16986301369863,40,Female,Victor,,,1337937.334,M1N 1R7,Toronto,ON,910 Richmond Rd
222,222,Boston Scientific,3,3.4164383561643836,40,Female,Dan,,,24241140.63,L5K 1B7,Mississauga,ON,620 Yonge St
223,223,St. Jude Medical,4,3.0027397260273974,40,Female,Dylan,,,12907368.17,M1C 5H8,Toronto,ON,2177 Burnhamthorpe Rd W
224,224,Abbott,5,1.3315068493150686,40,Female,Melanie,,,405229.295,L4J 5C8,Thornhill,ON,224 Eglington Ave W
225,225,Janssen Inc.,1,2.4986301369863013,40,Female,Bernadette,,,5375065.171,M6H 3W3,Toronto,ON,10 Victoria St E
226,226,King Pharmaceuticals,2,5.16986301369863,40,Female,Heather,,,4232272.428,L6P 2W8,Brampton,ON,280 Wallace Ave
227,227,Boston Scientific,3,3.4164383561643836,40,Female,Alexander,,,9696958.599,M3B 2M4,North York,ON,1046 Islington Ave
228,228,St. Jude Medical,4,3.0027397260273974,40,Female,Sue,,,23394290.28,L5R 0B1,Mississauga,ON,6 Wellesley St W
229,229,Abbott,5,1.3315068493150686,40,Female,Michael,,,448148.7414,M2P 1T7,North York,ON,320 Tweedsmuir Ave
230,230,"Keeping Tranditions, Inc.",1,0.7506849315068493,47,Female,Owen,,,310764.9361,L6T 5P6,Brampton,ON,735 Broadview Ave
231,231,SWENSON,2,0.25205479452054796,47,Female,Brian,,,255720.5295,M5P 2G8,Toronto,ON,3816 Victoria Ave
232,232,"McManigal & Associates Architects, PLLC",3,0.9178082191780822,47,Female,Jennifer,,,100569117.5,L3R 3T3,Markham,ON,343 Main St
233,233,Reachwerks,4,0.4136986301369863,47,Female,Jonathan,,,4613272.121,M1L 4R5,Toronto,ON,1235 Bay St
234,234,Hornall Anderson,5,0.25205479452054796,47,Female,Jack,,,736817.1982,L4B 4M6,Richmond Hill,ON,2335 50 Ave SW
235,235,Ingeniux Corporation,6,2.164383561643836,47,Female,Sonia,,,126065561.2,M4G 2H4,East York,ON,54 East Liberty St
236,236,"Keeping Tranditions, Inc.",1,0.7506849315068493,47,Female,Fiona,,,59500080.86,L4B 1E5,Richmond Hill,ON,5905 Mavis Rd
237,237,SWENSON,2,0.25205479452054796,47,Female,Jan,,,45444.184,M3A 3N6,North York,ON,393 King St W
238,238,"McManigal & Associates Architects, PLLC",3,0.9178082191780822,47,Female,Benjamin,,,722631.3001,L6Y 0V9,Brampton,ON,141 Merton St
239,239,Reachwerks,4,0.4136986301369863,47,Female,Ava,,,2654183.276,M2K 3N3,North York,ON,10 Ravel Rd
240,240,Hornall Anderson,5,0.25205479452054796,47,Female,Dominic,,,11440412.01,L6X 4V7,Brampton,ON,10380 78 Ave NW
241,241,Ingeniux Corporation,6,2.164383561643836,47,Female,Tracey,,,369427.5857,M4S 3A3,Toronto,ON,1060 Speers Rd
242,242,ITGROUP,1,7.586301369863014,28,Male,Grace,,,530227.0147,L4K 4V8,Concord,ON,5757 Kennedy Rd
243,243,Microsoft,2,2.578082191780822,28,Male,Carl,,,1328126.699,M1H 2B1,Toronto,ON,2357 Finch Ave W
244,244,dr.consulta,3,0.5041095890410959,28,Male,Rachel,,,3406499.778,L6R 1R1,Brampton,ON,390 Bloor St W
245,245,ITGROUP,1,7.586301369863014,28,Male,Kevin,,,4281530.226,M5R 1G8,Toronto,ON,1800 Sheppard Ave E
246,246,Microsoft,2,2.578082191780822,28,Male,Natalie,,,6252968.169,L5B 0H8,Mississauga,ON,1524 Bathurst St
247,247,dr.consulta,3,0.5041095890410959,28,Male,Leonard,,,379124.0497,M6B 4L4,Toronto,ON,1572 Wilson Ave
248,248,Concepts Systems,1,0.16712328767123288,69,Male,Diana,,,1657334.003,L3T 7V8,Thornhill,ON,15 York St
249,249,Microsoft,2,3.0,69,Male,Steven,,,1237353.235,M5R 1J1,Toronto,ON,190 Queen's Quay E
250,250,Concepts Systems,1,0.16712328767123288,69,Male,Hannah,,,45144976.92,L5V 2H8,Mississauga,ON,65 Mowat Ave
251,251,Microsoft,2,3.0,69,Male,Victor,,,3560741.602,M4N 2K6,Toronto,ON,1 Sheppard Ave E
252,252,Newcastle institute of energy and resource,1,0.08493150684931507,19,Male,Carl,,,84221979.59,L4S 2T2,Richmond Hill,ON,4099 Erin Mills Pkwy
253,253,James Glen,2,0.0821917808219178,19,Male,Stewart,,,25208165.54,M4M 2V7,Toronto,ON,1905 Queen St E
254,254,NJStar Software Production,3,0.08493150684931507,19,Male,Isaac,,,663820.4428,L4W 4Z7,Mississauga,ON,2810 Matheson Blvd E
255,255,Microsoft,4,0.4958904109589041,19,Male,Thomas,,,3380021.593,M6N 1K5,Toronto,ON,86 Laird Dr
256,256,Newcastle institute of energy and resource,1,0.08493150684931507,19,Male,Emily,,,4324142.033,L3T 7N3,Thornhill,ON,1 Yonge St
257,257,James Glen,2,0.0821917808219178,19,Male,Julian,,,41164277.55,M6H 2G5,Toronto,ON,111 Peter St
258,258,NJStar Software Production,3,0.08493150684931507,19,Male,Dylan,,,892670.4393,L3T 5H5,Markham,ON,2075 Bayview Ave
259,259,Microsoft,4,0.4958904109589041,19,Male,Dylan,,,176311.9985,M2J 4T1,North York,ON,3300 Dufferin St
260,260,HEAT Software,1,4.583561643835616,49,Female,Edward,,,4719354.108,L4B 1C7,Richmond Hill,ON,327 Bloor St W
261,261,MWEB,2,0.5041095890410959,49,Female,Adam,,,4330861.575,M5J 2C4,Toronto,ON,30 St Patrick St
262,262,Microsoft South Africa,3,5.668493150684932,49,Female,Andrew,,,9685706.43,L5L 1V1,Mississauga,ON,6 John St
263,263,"Microsoft West, East & Central Africa and Indian Ocean Islands",4,0.7534246575342466,49,Female,Abigail,,,3365281.157,M4Y 1K5,Toronto,ON,490 Sussex Dr
264,264,HEAT Software,1,4.583561643835616,49,Female,Yvonne,,,21626311.77,L4C 6Y5,Richmond Hill,ON,1380 Don Mills Rd
265,265,MWEB,2,0.5041095890410959,49,Female,Katherine,,,1179393.184,M3B 3M3,North York,ON,1486 Bathurst St
266,266,Microsoft South Africa,3,5.668493150684932,49,Female,Pippa,,,179133.3696,L6Y 2K2,Brampton,ON,220 Yonge St
267,267,"Microsoft West, East & Central Africa and Indian Ocean Islands",4,0.7534246575342466,49,Female,Blake,,,433673.9913,M4S 1G4,Toronto,ON,1180 Eglinton Ave W
268,268,A.I.M. Cash & Carry,1,0.7534246575342466,53,Male,Max,,,6120905.402,L5W 1K8,Mississauga,ON,47 Gloucester St
269,269,Aristocrat,2,11.419178082191781,53,Male,Piers,,,5704093.62,M6G 1M1,Toronto,ON,2597 Yonge St
270,270,A.I.M. Cash & Carry,1,0.7534246575342466,53,Male,Audrey,,,431443.5007,L6R 2H2,Brampton,ON,880 Bathurst St
271,271,Aristocrat,2,11.419178082191781,53,Male,Jacob,,,136595988.9,M2R 3N5,North York,ON,100 King St W
272,272,CDK Digital Marketing,1,3.4986301369863013,43,Male,Cameron,,,2969263.068,L4J 8W8,Thornhill,ON,10 Dundas St E
273,273,Microsoft,2,5.254794520547946,43,Male,Heather,,,18091505.87,M5P 2N2,Toronto,ON,1021 Queen St W
274,274,Point B,3,5.254794520547946,43,Male,Carl,,,12073613.1,L5K 1E3,Mississauga,ON,10 Lower Spadina Ave
275,275,Strong-Bridge Consulting,4,0.16986301369863013,43,Male,Bella,,,5160876.173,M1C 1E7,Toronto,ON,360 Bloor St W
276,276,"Expedia, Inc.",5,1.1643835616438356,43,Male,Deirdre,,,9696702.198,L4J 7K1,Thornhill,ON,4711 Yonge St
277,277,Nordstrom,6,2.336986301369863,43,Male,Christopher,,,268414415.1,M1E 3Y3,Toronto,ON,135 Queen's Plate Dr
278,278,CDK Digital Marketing,1,3.4986301369863013,43,Male,Jan,,,55497.08158,L6R 2P5,Brampton,ON,99 Atlantic Ave
279,279,Microsoft,2,5.254794520547946,43,Male,Sue,,,187341942.4,M4G 3A7,East York,ON,11 Peel Ave
280,280,Point B,3,5.254794520547946,43,Male,Eric,,,52297.1257,L5N 7T6,Mississauga,ON,44 St Joseph St
281,281,Strong-Bridge Consulting,4,0.16986301369863013,43,Male,Joan,,,96046656.48,M4N 3B4,Toronto,ON,270 Avenue Rd
282,282,"Expedia, Inc.",5,1.1643835616438356,43,Male,Ella,,,614477.3567,L5G 2G2,Mississauga,ON,396 Bloor St W
283,283,Nordstrom,6,2.336986301369863,43,Male,Victor,,,1996730.125,M5T 1H1,Toronto,ON,161 Bloor St E
284,284,Nets & Webs,1,2.83013698630137,38,Male,Joshua,,,1070935.242,L5R 2C3,Mississauga,ON,121 King St W
285,285,Dimension Data,2,8.761643835616438,38,Male,Faith,,,100800.2742,M9R 3J6,Toronto,ON,1220 Eglinton Ave W
286,286,Federal Department of Climate Change and Energy Efficiency,3,1.3287671232876712,38,Male,Owen,,,2454961.744,L4S 2V7,Richmond Hill,ON,3255 Highway 7
287,287,Business Aspect,4,1.3287671232876712,38,Male,Adam,,,2549170.524,M5S 2S2,Toronto,ON,350 Victoria St
288,288,Nets & Webs,1,2.83013698630137,38,Male,Una,,,8810734.349,L5G 3Y9,Mississauga,ON,158 Cumberland St
289,289,Dimension Data,2,8.761643835616438,38,Male,Faith,,,11591597.05,M6J 3E3,Toronto,ON,175 Bloor St E
290,290,Federal Department of Climate Change and Energy Efficiency,3,1.3287671232876712,38,Male,Adrian,,,365124.8076,L6X 0Y9,Brampton,ON,445 Adelaide St W
291,291,Business Aspect,4,1.3287671232876712,38,Male,Luke,,,20479344.63,M1T 1M9,Toronto,ON,545 Lakeshore Blvd W
292,292,Deutsche Bank,1,4.002739726027397,54,Female,Sue,,,308719.8934,L3T 2Y5,Thornhill,ON,2885 Bayview Ave
293,293,Institute of Travel Management,2,5.0849315068493155,54,Female,Julian,,,34124759.17,M9A 3C6,Etobicoke,ON,360 King St W
294,294,Deutsche Bank,1,4.002739726027397,54,Female,Trevor,,,13115665.73,L6X 5G5,Brampton,ON,2181 Steeles Ave W
295,295,Institute of Travel Management,2,5.0849315068493155,54,Female,Maria,,,6017909.292,M5P 1W8,Toronto,ON,340 College St
296,296,PWA,1,4.421917808219178,41,Male,Trevor,,,312029.6838,L5B 3W8,Mississauga,ON,220 Bloor St W
297,297,Microsoft Business Solutions,2,4.002739726027397,41,Male,Lauren,,,2131676.832,M6N 2M6,Toronto,ON,33 Gerrard St W
298,298,Microsoft,3,4.416438356164384,41,Male,Brian,,,3456707.304,L4K 4R1,Concord,ON,93 Charles St W
299,299,Thomsons Online Benefits,4,5.252054794520548,41,Male,Bella,,,1109599.705,M3K 1N7,North York,ON,111 Bathurst St
300,300,Willis Towers Watson,5,6.671232876712328,41,Male,Samantha,,,18849567.98,L4K 4J7,Concord,ON,20 Blue Jays Way
301,301,PWA,1,4.421917808219178,41,Male,Amy,,,1929522.875,M6K 3C3,Toronto,ON,23 Spadina Ave
302,302,Microsoft Business Solutions,2,4.002739726027397,41,Male,Matt,,,4687295.706,L6P 3P3,Brampton,ON,7 Charles St W
303,303,Microsoft,3,4.416438356164384,41,Male,Ella,,,1304105.791,M5V 1P6,Toronto,ON,361 University Ave
304,304,Thomsons Online Benefits,4,5.252054794520548,41,Male,Jennifer,,,16392.79563,L4K 4T2,Concord,ON,4700 Keele St
305,305,Willis Towers Watson,5,6.671232876712328,41,Male,Gabrielle,,,235515.0168,M1V 0E3,Toronto,ON,2200 Yonge St
306,306,Microsoft,1,5.589041095890411,46,Male,Sam,,,1536604.256,H2Y 1W5,Montreal,QC,35 Mariner Terr
307,307,"Channel Crossings, s.r.o.",2,1.167123287671233,46,Male,Tim,,,34699.88331,V5Y 0E8,Vancouver,BC,261 Richmond St W
308,308,SATPO,3,0.4191780821917808,46,Male,Nicholas,,,6751934.28,T2E 8W5,Calgary,AB,2460 Winston Churchill Blvd
309,309,Microsoft,1,5.589041095890411,46,Male,Jane,,,205869.4811,T5J 0A1,Edmonton,AB,110 Charles St E
310,310,"Channel Crossings, s.r.o.",2,1.167123287671233,46,Male,Karen,,,12473898.1,K1Y 1X9,Ottawa,ON,50 Cumberland St
311,311,SATPO,3,0.4191780821917808,46,Male,Penelope,,,19966518.42,R3M 3X3,Winnipeg,MB,20 Bay St
312,312,Indian School of Business,1,1.0027397260273974,40,Male,Virginia,,,2320907.641,G1R 3N3,Quebec City,QC,311 Bay St
313,313,Toastmasters International,2,0.5835616438356165,40,Male,Adrian,,,28081.69665,L9B 2H6,Hamilton,ON,53 McCaul St
314,314,bwin,3,2.419178082191781,40,Male,Christopher,,,83699.10474,N2H 4K1,Kitchener,ON,9001 Leslie St
315,315,Indian School of Business,1,1.0027397260273974,40,Male,Jacob,,,3687650.561,M3H 5W3,Toronto,ON,2460 Eglinton Ave E
316,316,Toastmasters International,2,0.5835616438356165,40,Male,Ava,,,14086760.9,H2T 1W5,Montreal,QC,789 Yonge St
317,317,bwin,3,2.419178082191781,40,Male,Andrew,,,824585.837,V6P 3H6,Vancouver,BC,129 Spadina Ave
318,318,HCL Technologies,1,1.8383561643835618,56,Male,Simon,,,3110899.441,T3K 5H5,Calgary,AB,1801 Bayview Ave
319,319,HCL Technologies,1,1.8383561643835618,56,Male,Hannah,,,169110.0638,T5H 2J4,Edmonton,AB,1033 King St W
320,320,Sea Dragon Dive Center,1,1.0027397260273974,54,Male,Victor,,,8009764.623,K1N 8J6,Ottawa,ON,1735 Kipling Ave
321,321,MANGO,2,0.5863013698630137,54,Male,Harry,,,25646324.67,R3C 3V6,Winnipeg,MB,2100 Bloor St W
322,322,CCS Fundraising,3,1.16986301369863,54,Male,Natalie,,,1145340.176,G1V 2M2,Quebec City,QC,1077 North Service Rd
323,323,Sea Dragon Dive Center,1,1.0027397260273974,54,Male,Jason,,,303105.2004,L8S 1B1,Hamilton,ON,101 College St
324,324,MANGO,2,0.5863013698630137,54,Male,Jake,,,109407511.7,N2M 3Y3,Kitchener,ON,345 Bloor St E
325,325,CCS Fundraising,3,1.16986301369863,54,Male,Lisa,,,157824.2355,M9A 1H4,Toronto,ON,30 Ordnance St
326,326,Microsoft,1,0.25205479452054796,46,Male,Colin,,,229094.8261,V5X 4K6,Vancouver,BC,1001 Queen St E
327,327,Dell,2,11.923287671232877,46,Male,Vanessa,,,10073742.92,T2M 2K7,Calgary,AB,283 College St
328,328,Microsoft,1,0.25205479452054796,46,Male,Dorothy,,,59002555.31,T6R 2T3,Edmonton,AB,174 Spadina Ave
329,329,Dell,2,11.923287671232877,46,Male,Brandon,,,1775573.953,K1M 1C3,Ottawa,ON,2340 Dundas St W
330,330,Brand New School,1,2.3315068493150686,32,Male,Amanda,,,1503052.891,R2X 2V7,Winnipeg,MB,1185 Queen St W
331,331,Apple,2,1.5041095890410958,32,Male,Julia,,,7221276.387,G1S 1C1,Quebec City,QC,35 Carl Hall Rd
332,332,Yahoo! Inc.,3,2.3315068493150686,32,Male,Edward,,,2367820.559,L8L 1N9,Hamilton,ON,401 Richmond St W
333,333,Microsoft,4,2.665753424657534,32,Male,Rachel,,,2963976.215,N2L 3C5,Kitchener,ON,1 Harbour Sq
334,334,Bing Technologies,5,0.25205479452054796,32,Male,Natalie,,,12976699.37,M5S 1G4,Toronto,ON,39 Parliament St
335,335,Samsung Mobile,6,3.334246575342466,32,Male,Olivia,,,752680.6687,H4A 2H4,Montreal,QC,185 Spadina Ave
336,336,IBM,7,0.7506849315068493,32,Male,Caroline,,,11631177.52,V6E 1N2,Vancouver,BC,364 Richmond St W
337,337,Brand New School,1,2.3315068493150686,32,Male,Jacob,,,26800134.36,T3C 1Y8,Calgary,AB,630 Queen St E
338,338,Apple,2,1.5041095890410958,32,Male,Emily,,,14738613.66,T5G 0X5,Edmonton,AB,77 Bloor St W
339,339,Yahoo! Inc.,3,2.3315068493150686,32,Male,Zoe,,,14648177.57,K2P 0S2,Ottawa,ON,100 Wellington St W
340,340,Microsoft,4,2.665753424657534,32,Male,Gavin,,,460326.2119,R3L 0P3,Winnipeg,MB,123 Queen St W
341,341,Bing Technologies,5,0.25205479452054796,32,Male,Julia,,,403312.544,G2J 1A4,Quebec City,QC,10 Capreol Crt
342,342,Samsung Mobile,6,3.334246575342466,32,Male,Kevin,,,8850313.94,L8P 1E2,Hamilton,ON,200 Wellington St N
343,343,IBM,7,0.7506849315068493,32,Male,Jacob,,,73219.57143,N2G 1B7,Kitchener,ON,1600 Steeles Ave W
344,344,Halliburton,1,3.336986301369863,56,Male,Colin,,,15341873.28,M6R 1A5,Toronto,ON,660 Eglinton Ave E
345,345,Microsoft,2,20.265753424657536,56,Male,Ryan,,,21199256.71,H1N 2C5,Montreal,QC,3800 Yonge St
346,346,Halliburton,1,3.336986301369863,56,Male,Brandon,,,155207.3687,V5Z 4C2,Vancouver,BC,500 Queen St E
347,347,Microsoft,2,20.265753424657536,56,Male,Faith,,,198872.3679,V9A 1T3,Victoria,BC,142 John St
348,348,SnapLogic,1,0.8301369863013699,45,Male,Adrian,,,500240.7734,V1X 7X1,Kelowna,BC,50 Carlton St
349,349,"Yammer, Inc.",2,0.4986301369863014,45,Male,Joe,,,7540402.483,K1Y 3A3,Ottawa,ON,1 King St W
350,350,Microsoft,3,4.421917808219178,45,Male,Sue,,,2030571.834,N6A 3N3,London,ON,170 Bloor St W
351,351,SnapLogic,1,0.8301369863013699,45,Male,Audrey,,,4245890.335,N5A 2S1,Stratford,ON,30 Bond St
352,352,"Yammer, Inc.",2,0.4986301369863014,45,Male,Sophie,,,7542993.215,L0S 1J0,Niagara-on-the-Lake,ON,49 McCaul St
353,353,Microsoft,3,4.421917808219178,45,Male,Ryan,,,3466179.202,K7L 1G1,Kingston,ON,2 Bloor St E
354,354,TSN - The Sports Network - Canada,1,3.0876712328767124,52,Male,Piers,,,826065.7667,E3A 2C6,Fredericton,NB,221 Yonge St
355,355,IQ 20/20,2,1.0767123287671232,52,Male,Joseph,,,16887129.77,C1N 2T2,Summerside,PE,50 Burnhamthorpe Rd W
356,356,Collabera Inc.,3,1.0,52,Male,Ella,,,256437.7648,B3J 1E5,Halifax,NS,10 Bellair St
357,357,TSN - The Sports Network - Canada,1,3.0876712328767124,52,Male,Stephanie,,,56830584.78,V8W 1W6,Victoria,BC,180 York St
358,358,IQ 20/20,2,1.0767123287671232,52,Male,Alison,,,1063013.953,V1Y 2E6,Kelowna,BC,222 Spadina Ave
359,359,Collabera Inc.,3,1.0,52,Male,Rebecca,,,6903516.061,K2P 0E8,Ottawa,ON,45 Charles St E
360,360,Maritime Services Board of NSW,1,0.410958904109589,53,Male,Luke,,,3450461467.0,N6C 3T3,London,ON,11 Charlotte St
361,361,"CCHS, The University of Sydney",2,6.336986301369863,53,Male,Katherine,,,2012594.001,N5A 0B7,Stratford,ON,1073 Yonge St
362,362,SydU*tech,3,1.4164383561643836,53,Male,Mary,,,2163951.936,L0S 1J0,Niagara-on-the-Lake,ON,120 Eglinton Ave E
363,363,University of Sydney,4,1.0,53,Male,Phil,,,66026.22933,K7L 2S7,Kingston,ON,25 Carlton St
364,364,Financial Systems of Australia,5,0.5013698630136987,53,Male,Sophie,,,12967311.39,E3B 2K8,Fredericton,NB,141 Adelaide St W
365,365,Maritime Services Board of NSW,1,0.410958904109589,53,Male,Frank,,,358451.2159,C1N 6S8,Summerside,PE,43 Gerrard St E
366,366,"CCHS, The University of Sydney",2,6.336986301369863,53,Male,Deirdre,,,4439115.423,B3H 1A1,Halifax,NS,261 King St W
367,367,SydU*tech,3,1.4164383561643836,53,Male,Cameron,,,5709379.889,V8V 1C8,Victoria,BC,260 Adelaide St E
368,368,University of Sydney,4,1.0,53,Male,David,,,7113487.833,K1S 2L2,Ottawa,ON,4 Charles St E
369,369,Financial Systems of Australia,5,0.5013698630136987,53,Male,Fiona,,,256158.309,N6G 3K3,London,ON,121-129 Saint Clair Ave W
370,370,"SumTotal Systems, LLC",1,10.257534246575343,49,Male,Harry,,,14574120.14,N5A 0A1,Stratford,ON,8 Mercer St
371,371,BroadPoint Group,2,0.16712328767123288,49,Male,Wendy,,,13894553.73,L0S 1J0,Niagara-on-the-Lake,ON,800 Bay St
372,372,Microsoft,3,2.0821917808219177,49,Male,Anthony,,,295776.614,K7M 6R7,Kingston,ON,228 Queens Quay W
373,373,"SumTotal Systems, LLC",1,10.257534246575343,49,Male,Andrew,,,21334654.99,E3C 1L7,Fredericton,NB,365 Bloor St E
374,374,BroadPoint Group,2,0.16712328767123288,49,Male,Max,,,18280199.02,C1N 2T2,Summerside,PE,270 Wellington St W
375,375,Microsoft,3,2.0821917808219177,49,Male,Leonard,,,1457454.941,B3J 2R2,Halifax,NS,62 Yorkville Ave
376,376,RS2i,1,5.164383561643835,42,Male,Bernadette,,,532861.6272,V8W 3Z6,Victoria,BC,1 Front St E
377,377,Taranis Software Pty Ltd,2,1.252054794520548,42,Male,Diana,,,29106.00107,V1Y 1S6,Kelowna,BC,35 Balmuto St
378,378,RS2i,1,5.164383561643835,42,Male,Amy,,,183413.9403,K1M 1N8,Ottawa,ON,22 Church St
379,379,Taranis Software Pty Ltd,2,1.252054794520548,42,Male,Steven,,,9205670.112,N6B 2S3,London,ON,99 Queen's Plate Dr
380,380,Wunderman-Bienalto,1,0.7506849315068493,37,Male,Keith,,,121612933.3,N5A 0A1,Stratford,ON,51 Parliament St
381,381,Wunderman-Bienalto,1,0.7506849315068493,37,Male,Robert,,,2120946.438,L0S 1J0,Niagara-on-the-Lake,ON,42 Charles St E
382,382,The University of Edinburgh,1,9.835616438356164,27,Male,Ella,,,38680559.34,K7L 3A3,Kingston,ON,62 Charles St W
383,383,Heriot-Watt University,2,3.6684931506849314,27,Male,Melanie,,,1664011.699,E3B 6E5,Fredericton,NB,277 Wellington St W
384,384,The University of Edinburgh,1,9.835616438356164,27,Male,Irene,,,3816174.962,C1N 4P9,Summerside,PE,5200 Yonge St
385,385,Heriot-Watt University,2,3.6684931506849314,27,Male,Tracey,,,572978.3882,B3J 3G9,Halifax,NS,330 Bay St
386,386,Global Brands Group (GBG),1,1.5041095890410958,42,Male,John,,,13508129.2,V8X 2A9,Victoria,BC,12 Yonge St
387,387,Microsoft,2,1.7589041095890412,42,Male,Nicola,,,2907173.355,V1Y 9X9,Kelowna,BC,450 King St W
388,388,The Austin Chronicle,1,3.750684931506849,36,Male,Peter,,,62509.58279,K1M 1N6,Ottawa,ON,172 John St
389,389,The University of Texas at Austin,2,3.0,36,Male,Steven,,,74105168.32,K4M 1B4,Manotick,ON,86 John St
390,390,Gnap! Theatre Projects,3,3.5835616438356164,36,Male,Julian,,,2213645.077,N5W 3R4,London,ON,200 Victoria St
391,391,University of Southern California,4,3.16986301369863,36,Male,Lucas,,,1028037.242,J0R 1B0,Saint-Adolphe-d'Howard,QC,111 Peter St
392,392,"BMW of North America, LLC",5,0.5835616438356165,36,Male,Blake,,,12719630.24,T9V 1K6,Lloydminster,AB,163 Spadina Ave
393,393,Worldbuilding Media Lab,6,1.0,36,Male,Nicholas,,,38606108.38,V7G 1H6,North Vancouver,BC,25 The Esplanade
394,394,Paralect,7,2.0,36,Male,Alexander,,,639477.957,V1N 2Y2,Castlegar,BC,200 King St E
395,395,Microsoft,8,0.16712328767123288,36,Male,Andrea,,,290274.7712,V4B 4C8,White Rock,BC,66 Wellington St W
396,396,Frima,9,0.336986301369863,36,Male,Alexander,,,415159.997,H3J 2V5,Montréal,QC,200 Adelaide St W
397,397,5d Global Studio,10,0.08493150684931507,36,Male,Emily,,,666495.7025,K2J 2N5,Nepean,ON,45 Carlton St
398,398,Mobius Digital Games,11,2.0794520547945203,36,Male,Leonard,,,347686.724,T4J 1M9,Ponoka,AB,165 Front St E
399,399,Norbury Manor High School for Girls,1,0.8328767123287671,57,Female,Lisa,,,4078471.045,V8P 3X9,Victoria,BC,33 Mill St
400,400,McCluskey International,2,3.673972602739726,57,Female,Angela,,,246897902.6,V6K 1K1,Vancouver,BC,55 Ann St
401,401,Omnicom Media Group UK,3,1.336986301369863,57,Female,Lauren,,,8628503.9,L1K 1T3,Oshawa,ON,18 Yorkville Ave
402,402,CondÈ Nast,4,0.7506849315068493,57,Female,Connor,,,1430216.08,N5A 2S2,Stratford,ON,277 Victoria St
403,403,Laurentian University/UniversitÈ Laurentienne,1,2.4164383561643836,49,Male,Joe,,,38417616.06,G8B 5S5,Saguenay,QC,4750 Yonge St
404,404,Atlas Copco,2,0.3287671232876712,49,Male,Ruth,,,141340.2778,V9P 2H3,Parksville,BC,220 Bloor St E
405,405,Microsoft,3,4.16986301369863,49,Male,Deirdre,,,6240414.788,V9R 1C1,Nanaimo,BC,357 King St W
406,406,Carleton University,4,0.8328767123287671,49,Male,Carl,,,442755.5909,L9G 3J9,Dundas,ON,49 Bathurst St
407,407,Taste Monkey Inc.,5,2.3315068493150686,49,Male,Sonia,,,12913694.08,T1A 7K2,Medicine Hat,AB,80 John St
408,408,"Expedia, Inc.",6,4.504109589041096,49,Male,Boris,,,818579.8638,H9B 2K9,Pointe-Claire,QC,3 York St
409,409,Microsoft,1,0.16712328767123288,34,Male,Dylan,,,1066768.484,L5E 1G4,Mississauga,ON,30 Holly St
410,410,Universit‡ degli Studi di Trento,2,0.0821917808219178,34,Male,Sam,,,7991851.753,H3Y 2Z1,Montréal,QC,12 Queen St W
411,411,Indian Institute of Science (IISc),3,0.915068493150685,34,Male,Claire,,,724288.2039,T1K 1K1,Lethbridge,AB,68 Abell St
412,412,CEA,4,1.5041095890410958,34,Male,Alexander,,,2499128.459,V6E 2E9,Vancouver,BC,63-71 Simcoe St
413,413,ABB,5,1.4164383561643836,34,Male,Karen,,,9920949.233,H4P 2H4,Mont-Royal,QC,219 Fort York Blvd
414,414,Caliverse,6,0.5808219178082191,34,Male,Adam,,,1958081.703,V3B 2X9,Port Moody,BC,10 Yonge St
415,415,Rolls-Royce@NTU Corporate Lab,7,2.254794520547945,34,Male,Anne,,,4354095.491,T6W 0X9,Edmonton,AB,55 Charles St W
416,416,Jatis Solutions,1,1.3315068493150686,38,Male,Ian,,,6315971.917,T9K 0P9,Fort McMurray,AB,120 Lombard St
417,417,Nokia,2,3.589041095890411,38,Male,Chloe,,,50770122.61,T2Z 2G8,Calgary,AB,650 Queens Quay W
418,418,Microsoft,3,0.915068493150685,38,Male,Irene,,,803781.173,J3H 4V4,Beloeil,QC,220 King St W
419,419,PT. Internux (BOLT - LTE Operator),4,0.7479452054794521,38,Male,Tim,,,13127101.18,V5N 1S1,Vancouver,BC,197 Yonge St
420,420,Microsoft,1,0.25205479452054796,26,Female,Wanda,,,235036.4843,V3J 0E5,Coquitlam,BC,14 York St
421,421,Asian University for Women,2,0.5808219178082191,26,Female,Dominic,,,233521.446,J3Y 7T7,Brossard,QC,295 Adelaide St W
422,422,Ministry of Transport & Communications,3,0.8328767123287671,26,Female,Felicity,,,21071733.8,L4K 4A5,Concord,ON,5 Mariner Terr
423,423,Qatar Foundation,4,0.6684931506849315,26,Female,Dorothy,,,112274101.6,V3N 3N3,Burnaby,BC,750 Bay St
424,424,Adobe,5,0.16712328767123288,26,Female,Una,,,182469.1746,V9R 2A2,Nanaimo,BC,170 Spadina Ave
425,425,New York University Abu Dhabi,6,1.084931506849315,26,Female,Joshua,,,53690182.64,T1H 0A1,Lethbridge,AB,60 St Clair Ave E
426,426,Microsoft,1,2.835616438356164,35,Male,Peter,,,16965514.65,J6A 8J8,Terrebonne,QC,325 Bay St
427,427,Thomson Reuters Markets,2,5.498630136986302,35,Male,Ava,,,313357266.6,T2P 0R3,Calgary,AB,22 Olive Ave
428,428,Colt Technology Services,3,0.336986301369863,35,Male,Frank,,,428843.4089,V3L 1W4,New Westminster,BC,200 University Ave
429,429,PureAtria,1,3.0027397260273974,43,Male,Dorothy,,,5948607.354,G4W 2B1,Sept-Îles,QC,311 Richmond St E
430,430,Rational Software,2,5.16986301369863,43,Male,Jake,,,19719939.32,L5A 4G8,Mississauga,ON,77 Maitland Pl
431,431,IBM,3,2.750684931506849,43,Male,Piers,,,1302430.49,V6G 2E8,Vancouver,BC,1 Cordova Ave
432,432,Microsoft,4,9.257534246575343,43,Male,Brandon,,,670525.8486,V3J 3T4,Coquitlam,BC,95 Bathurst St
433,433,Jisc,1,2.506849315068493,51,Male,Zoe,,,2413896.283,J4Y 1J1,Brossard,QC,120 Peter St
434,434,Microsoft,2,10.92054794520548,51,Male,John,,,9291777.494,T2T 1G9,Calgary,AB,65 Harbour Sq
435,435,iconmobile group,3,3.164383561643836,51,Male,Kevin,,,2022281.184,V3H 1J4,Port Moody,BC,55 Mercer St
436,436,Western Union Business Solutions,1,0.2465753424657534,52,Female,Boris,,,553787.8868,J7V 5V5,Sainte-Thérèse,QC,300 Front St W
437,437,Registro civil Torrejon de Ardoz,1,0.08493150684931507,43,Female,Karen,,,674441.0114,V5Y 0H9,Vancouver,BC,88 Scott St
438,438,Avon,2,0.25205479452054796,43,Female,Austin,,,8176687.868,L1V 2X9,Pickering,ON,225 Queen St W
439,439,Microsoft,3,4.336986301369863,43,Female,Carl,,,370778.8546,V5W 1X9,Vancouver,BC,60 Richmond St E
440,440,Diageo,1,0.08493150684931507,45,Female,Ian,,,9146613.273,T2J 5E9,Calgary,AB,24 Wellesley St W
441,441,Fishburn Hedges,2,0.16712328767123288,45,Female,Connor,,,125713.2158,J4X 1E7,Boucherville,QC,25 Lower Simcoe St
442,442,The Sauce Agency,3,0.9178082191780822,45,Female,Jane,,,2022896.17,T3E 0H4,Calgary,AB,500 University Ave
443,443,RMIT University,4,1.082191780821918,45,Female,Stewart,,,9091210.376,J3H 0J6,Saint-Hyacinthe,QC,121 Eglinton Ave E
444,444,South East Water,5,0.33424657534246577,45,Female,Dylan,,,2202993.215,L5B 0G6,Mississauga,ON,47 Lower River St
445,445,IBM,6,3.835616438356164,45,Female,Steven,,,1505355.405,V9N 9J8,Courtenay,BC,36 Lisgar St
446,446,Microsoft Bing,1,0.16712328767123288,31,Male,Natalie,,,30366747.36,H4S 1W8,Saint-Laurent,QC,150 Dan Leckie Way
447,447,Microsoft,2,4.673972602739726,31,Male,Edward,,,1517205.896,L5R 4E6,Mississauga,ON,50 Lynn Williams St
448,448,Hanbit Media,3,0.915068493150685,31,Male,Amy,,,6561088.005,V3J 3C3,Coquitlam,BC,255 Front St E
449,449,University of Technology Sydney,1,2.0027397260273974,23,Female,Piers,,,3236178.555,H2J 2M7,Montréal,QC,11 Brunel Crt
450,450,Agility Global Health Solutions,2,0.33424657534246577,23,Female,Victoria,,,652153.1479,V5K 2V7,Vancouver,BC,1030 King St W
451,451,Westpac,3,2.0876712328767124,23,Female,Adam,,,7369695.237,T3G 0B3,Calgary,AB,140 Simcoe St
452,452,Ourway Event Management,1,1.4191780821917808,53,Male,Natalie,,,1694856.28,V3K 6T4,Coquitlam,BC,955 Bay St
453,453,Federal Government,2,5.504109589041096,53,Male,Jason,,,1120660.823,H7S 1N1,Laval,QC,101 St Clair Ave W
454,454,K & H International School,3,2.0,53,Male,Christopher,,,362611.192,V5Z 0G3,Vancouver,BC,35 Hayden St
455,455,Indian School of Business,1,0.915068493150685,43,Male,Ruth,,,28253459.34,T1J 1G2,Lethbridge,AB,330 Richmond St W
456,456,Mahindra Comviva,2,2.9178082191780823,43,Male,Caroline,,,53296633.37,V7G 2A5,North Vancouver,BC,123 Portland St
457,457,Spread Tecnologia,1,5.342465753424658,49,Male,Andrea,,,352593.1653,J5R 6S4,Saint-Constant,QC,25 The West Mall
458,458,Orange Business Services,2,1.83013698630137,49,Male,William,,,3825770.737,V5K 0A1,Vancouver,BC,80 Front St E
459,459,Katena Cloud Consulting,3,2.0876712328767124,49,Male,Emily,,,3219633.196,T2N 1S6,Calgary,AB,69 Lynn Williams St
460,460,Microsoft,1,2.9205479452054797,47,Male,Alan,,,189166560.2,V3E 3H7,Coquitlam,BC,30 Shore Breeze Dr
461,461,Aptara,2,6.668493150684932,47,Male,Megan,,,119903.2603,H2N 2H9,Montréal,QC,10 Willison Sq
462,462,Caltech,1,0.6657534246575343,53,Male,Amanda,,,11681648.08,V5Z 2G9,Vancouver,BC,101 Charles St E
463,463,AT&T Bell Laboratories,2,0.915068493150685,53,Male,Boris,,,4454631.164,L4B 1E5,Richmond Hill,ON,33 Lombard St
464,464,Sun Microsystems,3,1.2493150684931507,53,Male,Stephen,,,17141480.09,M3A 3N6,North York,ON,250 Jarvis St
465,465,Microsoft,4,3.33972602739726,53,Male,Kevin,,,25264872.6,L6Y 0V9,Brampton,ON,62-68 Wellington St E
466,466,Facebook,5,3.9205479452054797,53,Male,Michael,,,1262136.465,M2K 3N3,North York,ON,98 Lillian St
467,467,Volt Technical Resources,1,2.249315068493151,45,Male,James,,,1200951.956,L6X 4V7,Brampton,ON,75 East Liberty St
468,468,Microsoft,2,2.249315068493151,45,Male,Harry,,,227536.2338,M4S 3A3,Toronto,ON,2 River St
469,469,"TeleCommunication Systems, Inc.",3,11.597260273972603,45,Male,James,,,12625605.8,L4K 4V8,Concord,ON,90 Sherbourne St
470,470,Deloitte Digital,4,2.164383561643836,45,Male,Carolyn,,,12686524.31,M1H 2B1,Toronto,ON,200 St Clair Ave W
471,471,Microsoft,1,2.0876712328767124,43,Male,Benjamin,,,1022643.631,L6R 1R1,Brampton,ON,55 Stewart St
472,472,AOL International,2,3.835616438356164,43,Male,David,,,125956843.3,M5R 1G8,Toronto,ON,200 Wellesley St E
473,473,Millennium Software,1,0.915068493150685,24,Male,Anthony,,,2774958.099,L5B 0H8,Mississauga,ON,650 King St W
474,474,NetProfit Investment Technologies (dba Innovative Desktop Solutions),2,4.33972602739726,24,Male,Michael,,,241794422.0,M6B 4L4,Toronto,ON,7 King St E
475,475,Craftsman Book Company,3,6.504109589041096,24,Male,Karen,,,672264.2455,L3T 7V8,Thornhill,ON,25 Maitland St
476,476,Cardinal Health,4,0.16712328767123288,24,Male,Penelope,,,49854.5776,M5R 1J1,Toronto,ON,25 Telegram Mews
477,477,Axon,5,3.841095890410959,24,Male,Piers,,,449909.0955,L5V 2H8,Mississauga,ON,255 Richmond St E
478,478,Purdue University,1,1.9972602739726026,39,Male,Stewart,,,2500424.671,M4N 2K6,Toronto,ON,21-23 Grenville St
479,479,Qualcomm,2,0.25205479452054796,39,Male,Harry,,,701600.5383,L4S 2T2,Richmond Hill,ON,75 The Donway W
480,480,Microsoft,3,0.25205479452054796,39,Male,Amy,,,5605897.632,M4M 2V7,Toronto,ON,151 Dan Leckie Way
481,481,Palantir,4,0.25205479452054796,39,Male,Adrian,,,5415846.772,L4W 4Z7,Mississauga,ON,36 Blue Jays Way
482,482,Applied Research Labs,1,1.917808219178082,32,Male,Andrea,,,328587.8706,M6N 1K5,Toronto,ON,205 Frederick St
483,483,Goldman Sachs,2,0.16712328767123288,32,Male,William,,,13859605.51,L3T 7N3,Thornhill,ON,219 Fort York Blvd
484,484,One Laptop Per Child,3,0.16712328767123288,32,Male,Neil,,,604007.475,M6H 2G5,Toronto,ON,280 Wellesley St E
485,485,University of Cambridge,4,0.915068493150685,32,Male,Austin,,,3068367.076,L3T 5H5,Markham,ON,215 Fort York Blvd
486,486,Microsoft,5,4.756164383561644,32,Male,Anthony,,,13592984.51,M2J 4T1,North York,ON,120 Harrison Garden Blvd
487,487,Metso,1,3.673972602739726,51,Male,Natalie,,,6636436.238,L4B 1C7,Richmond Hill,ON,181 Davenport Rd
488,488,Wicom Communications Ltd,2,5.7534246575342465,51,Male,John,,,39922046.64,M5J 2C4,Toronto,ON,10 Quebec Ave
489,489,Nokia,3,8.841095890410958,51,Male,Stephen,,,2694039.019,L5L 1V1,Mississauga,ON,21 Hillcrest Ave
490,490,Microsoft,4,2.419178082191781,51,Male,Zoe,,,36698005.47,M4Y 1K5,Toronto,ON,30 Canterbury Pl
491,491,University of Leeds,1,3.1726027397260275,65,Male,Michelle,,,12214053.27,L4C 6Y5,Richmond Hill,ON,75 St Nicholas St
492,492,Dezineforce.com,2,3.0,65,Male,Carol,,,412244579.6,M3B 3M3,North York,ON,27 Alexander St
493,493,Novell,1,6.2465753424657535,38,Male,Sonia,,,136885153.2,L6Y 2K2,Brampton,ON,80 Western Battery Rd
494,494,Amadeus IT Group,1,10.169863013698631,46,Male,Joseph,,,352551.2163,M4S 1G4,Toronto,ON,2 Fieldway Rd
495,495,Microsoft,2,4.589041095890411,46,Male,Rachel,,,17790903.26,L5W 1K8,Mississauga,ON,1 Valhalla Inn Rd
496,496,SuporTI,3,0.915068493150685,46,Male,Victor,,,3972432.01,M6G 1M1,Toronto,ON,11 Charlotte St
497,497,IBM,4,1.6684931506849314,46,Male,Julia,,,6916440.469,L6R 2H2,Brampton,ON,20 John St
498,498,Allserve Systems Corp,1,4.835616438356165,40,Male,Virginia,,,9344941.06,M2R 3N5,North York,ON,85 Queens Wharf Rd
499,499,Sony Mobile Communications,2,5.668493150684932,40,Male,Sam,,,11758099.72,L4J 8W8,Thornhill,ON,16 Yonge St
